baseStoryId,baseStoryTitle,contentWorld,contentLabel,sourceSensitivityTier,primaryValue,supportingValue,carryingWordSeed,ageBandCoverage,plannedExperienceCount,sourceSummary,parentSourceNote,authenticityRisk,ritualPotential,parentMirrorPotential,bedtimePotential,releasePhase,releasePriority,reviewStatus,notes
"BSI-0001","vrindavan krishna story seed 1","vrindavan_krishna","traditional_retelling","tier_2_traditional_retelling","kindness","humility","kindness","ages_3_5|ages_6_8|ages_9_12","3","Inspired by devotional storytelling tradition and common oral retelling patterns; final sourcing to be reviewed.","Parent note: traditional/canonical-inspired retelling reviewed for respectful tone; verify source note before wide release.","medium","medium","medium","medium","public_beta","P1","needs_source_review","Index-only base concept for Sprint 39; full story writing deferred."
"BSI-0002","vrindavan krishna story seed 2","vrindavan_krishna","traditional_retelling","tier_2_traditional_retelling","courage","compassion","courage","ages_3_5|ages_6_8|ages_9_12","3","Inspired by devotional storytelling tradition and common oral retelling patterns; final sourcing to be reviewed.","Parent note: traditional/canonical-inspired retelling reviewed for respectful tone; verify source note before wide release.","medium","medium","medium","medium","later_phase","P2","needs_source_review","Index-only base concept for Sprint 39; full story writing deferred."
"BSI-0003","vrindavan krishna story seed 3","vrindavan_krishna","traditional_retelling","tier_2_traditional_retelling","truth","discipline","truth","ages_3_5|ages_6_8|ages_9_12","3","Inspired by devotional storytelling tradition and common oral retelling patterns; final sourcing to be reviewed.","Parent note: traditional/canonical-inspired retelling reviewed for respectful tone; verify source note before wide release.","medium","high","medium","medium","private_alpha","P2","needs_source_review","Index-only base concept for Sprint 39; full story writing deferred."
"BSI-0004","vrindavan krishna story seed 4","vrindavan_krishna","traditional_retelling","tier_2_traditional_retelling","patience","service","patience","ages_3_5|ages_6_8|ages_9_12","3","Inspired by devotional storytelling tradition and common oral retelling patterns; final sourcing to be reviewed.","Parent note: traditional/canonical-inspired retelling reviewed for respectful tone; verify source note before wide release.","medium","medium","high","medium","public_beta","P2","needs_source_review","Index-only base concept for Sprint 39; full story writing deferred."
"BSI-0005","vrindavan krishna story seed 5","vrindavan_krishna","traditional_retelling","tier_2_traditional_retelling","gratitude","wisdom","gratitude","ages_3_5|ages_6_8|ages_9_12","3","Inspired by devotional storytelling tradition and common oral retelling patterns; final sourcing to be reviewed.","Parent note: traditional/canonical-inspired retelling reviewed for respectful tone; verify source note before wide release.","medium","medium","medium","high","later_phase","P3","needs_source_review","Index-only base concept for Sprint 39; full story writing deferred."
"BSI-0006","vrindavan krishna story seed 6","vrindavan_krishna","traditional_retelling","tier_2_traditional_retelling","humility","humility","humility","ages_3_5|ages_6_8|ages_9_12","3","Inspired by devotional storytelling tradition and common oral retelling patterns; final sourcing to be reviewed.","Parent note: traditional/canonical-inspired retelling reviewed for respectful tone; verify source note before wide release.","medium","high","medium","medium","private_alpha","P3","needs_source_review","Index-only base concept for Sprint 39; full story writing deferred."
"BSI-0007","vrindavan krishna story seed 7","vrindavan_krishna","canonical_story","tier_1_canonical_sacred","devotion","compassion","devotion","ages_3_5|ages_6_8|ages_9_12","3","Conservative canonical episode framing for child-safe retelling; exact verse mapping requires reviewer confirmation.","Parent note: traditional/canonical-inspired retelling reviewed for respectful tone; verify source note before wide release.","high","medium","medium","medium","public_beta","P3","needs_source_review","Index-only base concept for Sprint 39; full story writing deferred."
"BSI-0008","vrindavan krishna story seed 8","vrindavan_krishna","traditional_retelling","tier_2_traditional_retelling","friendship","discipline","friendship","ages_3_5|ages_6_8|ages_9_12","3","Inspired by devotional storytelling tradition and common oral retelling patterns; final sourcing to be reviewed.","Parent note: traditional/canonical-inspired retelling reviewed for respectful tone; verify source note before wide release.","medium","medium","high","medium","later_phase","P3","needs_source_review","Index-only base concept for Sprint 39; full story writing deferred."
"BSI-0009","vrindavan krishna story seed 9","vrindavan_krishna","traditional_retelling","tier_2_traditional_retelling","generosity","service","generosity","ages_3_5|ages_6_8|ages_9_12","3","Inspired by devotional storytelling tradition and common oral retelling patterns; final sourcing to be reviewed.","Parent note: traditional/canonical-inspired retelling reviewed for respectful tone; verify source note before wide release.","medium","high","medium","medium","private_alpha","P3","needs_source_review","Index-only base concept for Sprint 39; full story writing deferred."
"BSI-0010","vrindavan krishna story seed 10","vrindavan_krishna","traditional_retelling","tier_2_traditional_retelling","focus","wisdom","focus","ages_3_5|ages_6_8|ages_9_12","3","Inspired by devotional storytelling tradition and common oral retelling patterns; final sourcing to be reviewed.","Parent note: traditional/canonical-inspired retelling reviewed for respectful tone; verify source note before wide release.","medium","medium","medium","high","public_beta","P1","needs_source_review","Index-only base concept for Sprint 39; full story writing deferred."
"BSI-0011","vrindavan krishna story seed 11","vrindavan_krishna","traditional_retelling","tier_2_traditional_retelling","forgiveness","humility","forgiveness","ages_3_5|ages_6_8|ages_9_12","3","Inspired by devotional storytelling tradition and common oral retelling patterns; final sourcing to be reviewed.","Parent note: traditional/canonical-inspired retelling reviewed for respectful tone; verify source note before wide release.","medium","medium","medium","medium","later_phase","P1","needs_source_review","Index-only base concept for Sprint 39; full story writing deferred."
"BSI-0012","vrindavan krishna story seed 12","vrindavan_krishna","traditional_retelling","tier_2_traditional_retelling","discipline","compassion","discipline","ages_3_5|ages_6_8|ages_9_12","3","Inspired by devotional storytelling tradition and common oral retelling patterns; final sourcing to be reviewed.","Parent note: traditional/canonical-inspired retelling reviewed for respectful tone; verify source note before wide release.","medium","high","high","medium","private_alpha","P2","needs_source_review","Index-only base concept for Sprint 39; full story writing deferred."
"BSI-0013","vrindavan krishna story seed 13","vrindavan_krishna","traditional_retelling","tier_2_traditional_retelling","compassion","discipline","compassion","ages_3_5|ages_6_8|ages_9_12","3","Inspired by devotional storytelling tradition and common oral retelling patterns; final sourcing to be reviewed.","Parent note: traditional/canonical-inspired retelling reviewed for respectful tone; verify source note before wide release.","medium","medium","medium","medium","public_beta","P2","needs_source_review","Index-only base concept for Sprint 39; full story writing deferred."
"BSI-0014","vrindavan krishna story seed 14","vrindavan_krishna","canonical_story","tier_1_canonical_sacred","respect","service","respect","ages_3_5|ages_6_8|ages_9_12","3","Conservative canonical episode framing for child-safe retelling; exact verse mapping requires reviewer confirmation.","Parent note: traditional/canonical-inspired retelling reviewed for respectful tone; verify source note before wide release.","high","medium","medium","medium","later_phase","P2","needs_source_review","Index-only base concept for Sprint 39; full story writing deferred."
"BSI-0015","vrindavan krishna story seed 15","vrindavan_krishna","traditional_retelling","tier_2_traditional_retelling","curiosity","wisdom","curiosity","ages_3_5|ages_6_8|ages_9_12","3","Inspired by devotional storytelling tradition and common oral retelling patterns; final sourcing to be reviewed.","Parent note: traditional/canonical-inspired retelling reviewed for respectful tone; verify source note before wide release.","medium","high","medium","high","private_alpha","P3","needs_source_review","Index-only base concept for Sprint 39; full story writing deferred."
"BSI-0016","vrindavan krishna story seed 16","vrindavan_krishna","traditional_retelling","tier_2_traditional_retelling","responsibility","humility","responsibility","ages_3_5|ages_6_8|ages_9_12","3","Inspired by devotional storytelling tradition and common oral retelling patterns; final sourcing to be reviewed.","Parent note: traditional/canonical-inspired retelling reviewed for respectful tone; verify source note before wide release.","medium","medium","high","medium","public_beta","P3","needs_source_review","Index-only base concept for Sprint 39; full story writing deferred."
"BSI-0017","vrindavan krishna story seed 17","vrindavan_krishna","traditional_retelling","tier_2_traditional_retelling","calm","compassion","calm","ages_3_5|ages_6_8|ages_9_12","3","Inspired by devotional storytelling tradition and common oral retelling patterns; final sourcing to be reviewed.","Parent note: traditional/canonical-inspired retelling reviewed for respectful tone; verify source note before wide release.","medium","medium","medium","medium","later_phase","P3","needs_source_review","Index-only base concept for Sprint 39; full story writing deferred."
"BSI-0018","vrindavan krishna story seed 18","vrindavan_krishna","traditional_retelling","tier_2_traditional_retelling","self-control","discipline","self-control","ages_3_5|ages_6_8|ages_9_12","3","Inspired by devotional storytelling tradition and common oral retelling patterns; final sourcing to be reviewed.","Parent note: traditional/canonical-inspired retelling reviewed for respectful tone; verify source note before wide release.","medium","high","medium","medium","private_alpha","P3","needs_source_review","Index-only base concept for Sprint 39; full story writing deferred."
"BSI-0019","vrindavan krishna story seed 19","vrindavan_krishna","traditional_retelling","tier_2_traditional_retelling","wisdom","service","wisdom","ages_3_5|ages_6_8|ages_9_12","3","Inspired by devotional storytelling tradition and common oral retelling patterns; final sourcing to be reviewed.","Parent note: traditional/canonical-inspired retelling reviewed for respectful tone; verify source note before wide release.","medium","medium","medium","medium","public_beta","P3","needs_source_review","Index-only base concept for Sprint 39; full story writing deferred."
"BSI-0020","vrindavan krishna story seed 20","vrindavan_krishna","traditional_retelling","tier_2_traditional_retelling","service","wisdom","service","ages_3_5|ages_6_8|ages_9_12","3","Inspired by devotional storytelling tradition and common oral retelling patterns; final sourcing to be reviewed.","Parent note: traditional/canonical-inspired retelling reviewed for respectful tone; verify source note before wide release.","medium","medium","high","high","later_phase","P1","needs_source_review","Index-only base concept for Sprint 39; full story writing deferred."
"BSI-0021","vrindavan krishna story seed 21","vrindavan_krishna","canonical_story","tier_1_canonical_sacred","kindness","humility","kindness","ages_3_5|ages_6_8|ages_9_12","3","Conservative canonical episode framing for child-safe retelling; exact verse mapping requires reviewer confirmation.","Parent note: traditional/canonical-inspired retelling reviewed for respectful tone; verify source note before wide release.","high","high","medium","medium","private_alpha","P1","needs_source_review","Index-only base concept for Sprint 39; full story writing deferred."
"BSI-0022","vrindavan krishna story seed 22","vrindavan_krishna","traditional_retelling","tier_2_traditional_retelling","courage","compassion","courage","ages_3_5|ages_6_8|ages_9_12","3","Inspired by devotional storytelling tradition and common oral retelling patterns; final sourcing to be reviewed.","Parent note: traditional/canonical-inspired retelling reviewed for respectful tone; verify source note before wide release.","medium","medium","medium","medium","public_beta","P2","needs_source_review","Index-only base concept for Sprint 39; full story writing deferred."
"BSI-0023","vrindavan krishna story seed 23","vrindavan_krishna","traditional_retelling","tier_2_traditional_retelling","truth","discipline","truth","ages_3_5|ages_6_8|ages_9_12","3","Inspired by devotional storytelling tradition and common oral retelling patterns; final sourcing to be reviewed.","Parent note: traditional/canonical-inspired retelling reviewed for respectful tone; verify source note before wide release.","medium","medium","medium","medium","later_phase","P2","needs_source_review","Index-only base concept for Sprint 39; full story writing deferred."
"BSI-0024","vrindavan krishna story seed 24","vrindavan_krishna","traditional_retelling","tier_2_traditional_retelling","patience","service","patience","ages_3_5|ages_6_8|ages_9_12","3","Inspired by devotional storytelling tradition and common oral retelling patterns; final sourcing to be reviewed.","Parent note: traditional/canonical-inspired retelling reviewed for respectful tone; verify source note before wide release.","medium","high","high","medium","private_alpha","P2","needs_source_review","Index-only base concept for Sprint 39; full story writing deferred."
"BSI-0025","vrindavan krishna story seed 25","vrindavan_krishna","traditional_retelling","tier_2_traditional_retelling","gratitude","wisdom","gratitude","ages_3_5|ages_6_8|ages_9_12","3","Inspired by devotional storytelling tradition and common oral retelling patterns; final sourcing to be reviewed.","Parent note: traditional/canonical-inspired retelling reviewed for respectful tone; verify source note before wide release.","medium","medium","medium","high","public_beta","P3","needs_source_review","Index-only base concept for Sprint 39; full story writing deferred."
"BSI-0026","vrindavan krishna story seed 26","vrindavan_krishna","traditional_retelling","tier_2_traditional_retelling","humility","humility","humility","ages_3_5|ages_6_8|ages_9_12","3","Inspired by devotional storytelling tradition and common oral retelling patterns; final sourcing to be reviewed.","Parent note: traditional/canonical-inspired retelling reviewed for respectful tone; verify source note before wide release.","medium","medium","medium","medium","later_phase","P3","needs_source_review","Index-only base concept for Sprint 39; full story writing deferred."
"BSI-0027","vrindavan krishna story seed 27","vrindavan_krishna","traditional_retelling","tier_2_traditional_retelling","devotion","compassion","devotion","ages_3_5|ages_6_8|ages_9_12","3","Inspired by devotional storytelling tradition and common oral retelling patterns; final sourcing to be reviewed.","Parent note: traditional/canonical-inspired retelling reviewed for respectful tone; verify source note before wide release.","medium","high","medium","medium","private_alpha","P3","needs_source_review","Index-only base concept for Sprint 39; full story writing deferred."
"BSI-0028","vrindavan krishna story seed 28","vrindavan_krishna","canonical_story","tier_1_canonical_sacred","friendship","discipline","friendship","ages_3_5|ages_6_8|ages_9_12","3","Conservative canonical episode framing for child-safe retelling; exact verse mapping requires reviewer confirmation.","Parent note: traditional/canonical-inspired retelling reviewed for respectful tone; verify source note before wide release.","high","medium","high","medium","public_beta","P3","needs_source_review","Index-only base concept for Sprint 39; full story writing deferred."
"BSI-0029","vrindavan krishna story seed 29","vrindavan_krishna","traditional_retelling","tier_2_traditional_retelling","generosity","service","generosity","ages_3_5|ages_6_8|ages_9_12","3","Inspired by devotional storytelling tradition and common oral retelling patterns; final sourcing to be reviewed.","Parent note: traditional/canonical-inspired retelling reviewed for respectful tone; verify source note before wide release.","medium","medium","medium","medium","later_phase","P3","needs_source_review","Index-only base concept for Sprint 39; full story writing deferred."
"BSI-0030","vrindavan krishna story seed 30","vrindavan_krishna","traditional_retelling","tier_2_traditional_retelling","focus","wisdom","focus","ages_3_5|ages_6_8|ages_9_12","3","Inspired by devotional storytelling tradition and common oral retelling patterns; final sourcing to be reviewed.","Parent note: traditional/canonical-inspired retelling reviewed for respectful tone; verify source note before wide release.","medium","high","medium","high","private_alpha","P1","needs_source_review","Index-only base concept for Sprint 39; full story writing deferred."
"BSI-0031","vrindavan krishna story seed 31","vrindavan_krishna","traditional_retelling","tier_2_traditional_retelling","forgiveness","humility","forgiveness","ages_3_5|ages_6_8|ages_9_12","3","Inspired by devotional storytelling tradition and common oral retelling patterns; final sourcing to be reviewed.","Parent note: traditional/canonical-inspired retelling reviewed for respectful tone; verify source note before wide release.","medium","medium","medium","medium","public_beta","P1","needs_source_review","Index-only base concept for Sprint 39; full story writing deferred."
"BSI-0032","vrindavan krishna story seed 32","vrindavan_krishna","traditional_retelling","tier_2_traditional_retelling","discipline","compassion","discipline","ages_3_5|ages_6_8|ages_9_12","3","Inspired by devotional storytelling tradition and common oral retelling patterns; final sourcing to be reviewed.","Parent note: traditional/canonical-inspired retelling reviewed for respectful tone; verify source note before wide release.","medium","medium","high","medium","later_phase","P2","needs_source_review","Index-only base concept for Sprint 39; full story writing deferred."
"BSI-0033","vrindavan krishna story seed 33","vrindavan_krishna","traditional_retelling","tier_2_traditional_retelling","compassion","discipline","compassion","ages_3_5|ages_6_8|ages_9_12","3","Inspired by devotional storytelling tradition and common oral retelling patterns; final sourcing to be reviewed.","Parent note: traditional/canonical-inspired retelling reviewed for respectful tone; verify source note before wide release.","medium","high","medium","medium","private_alpha","P2","needs_source_review","Index-only base concept for Sprint 39; full story writing deferred."
"BSI-0034","vrindavan krishna story seed 34","vrindavan_krishna","traditional_retelling","tier_2_traditional_retelling","respect","service","respect","ages_3_5|ages_6_8|ages_9_12","3","Inspired by devotional storytelling tradition and common oral retelling patterns; final sourcing to be reviewed.","Parent note: traditional/canonical-inspired retelling reviewed for respectful tone; verify source note before wide release.","medium","medium","medium","medium","public_beta","P2","needs_source_review","Index-only base concept for Sprint 39; full story writing deferred."
"BSI-0035","vrindavan krishna story seed 35","vrindavan_krishna","canonical_story","tier_1_canonical_sacred","curiosity","wisdom","curiosity","ages_3_5|ages_6_8|ages_9_12","3","Conservative canonical episode framing for child-safe retelling; exact verse mapping requires reviewer confirmation.","Parent note: traditional/canonical-inspired retelling reviewed for respectful tone; verify source note before wide release.","high","medium","medium","high","later_phase","P3","needs_source_review","Index-only base concept for Sprint 39; full story writing deferred."
"BSI-0036","vrindavan krishna story seed 36","vrindavan_krishna","traditional_retelling","tier_2_traditional_retelling","responsibility","humility","responsibility","ages_3_5|ages_6_8|ages_9_12","3","Inspired by devotional storytelling tradition and common oral retelling patterns; final sourcing to be reviewed.","Parent note: traditional/canonical-inspired retelling reviewed for respectful tone; verify source note before wide release.","medium","high","high","medium","private_alpha","P3","needs_source_review","Index-only base concept for Sprint 39; full story writing deferred."
"BSI-0037","vrindavan krishna story seed 37","vrindavan_krishna","traditional_retelling","tier_2_traditional_retelling","calm","compassion","calm","ages_3_5|ages_6_8|ages_9_12","3","Inspired by devotional storytelling tradition and common oral retelling patterns; final sourcing to be reviewed.","Parent note: traditional/canonical-inspired retelling reviewed for respectful tone; verify source note before wide release.","medium","medium","medium","medium","public_beta","P3","needs_source_review","Index-only base concept for Sprint 39; full story writing deferred."
"BSI-0038","vrindavan krishna story seed 38","vrindavan_krishna","traditional_retelling","tier_2_traditional_retelling","self-control","discipline","self-control","ages_3_5|ages_6_8|ages_9_12","3","Inspired by devotional storytelling tradition and common oral retelling patterns; final sourcing to be reviewed.","Parent note: traditional/canonical-inspired retelling reviewed for respectful tone; verify source note before wide release.","medium","medium","medium","medium","later_phase","P3","needs_source_review","Index-only base concept for Sprint 39; full story writing deferred."
"BSI-0039","vrindavan krishna story seed 39","vrindavan_krishna","traditional_retelling","tier_2_traditional_retelling","wisdom","service","wisdom","ages_3_5|ages_6_8|ages_9_12","3","Inspired by devotional storytelling tradition and common oral retelling patterns; final sourcing to be reviewed.","Parent note: traditional/canonical-inspired retelling reviewed for respectful tone; verify source note before wide release.","medium","high","medium","medium","private_alpha","P3","needs_source_review","Index-only base concept for Sprint 39; full story writing deferred."
"BSI-0040","vrindavan krishna story seed 40","vrindavan_krishna","traditional_retelling","tier_2_traditional_retelling","service","wisdom","service","ages_3_5|ages_6_8|ages_9_12","3","Inspired by devotional storytelling tradition and common oral retelling patterns; final sourcing to be reviewed.","Parent note: traditional/canonical-inspired retelling reviewed for respectful tone; verify source note before wide release.","medium","medium","high","high","public_beta","P1","needs_source_review","Index-only base concept for Sprint 39; full story writing deferred."
"BSI-0041","ganesha story seed 1","ganesha","traditional_retelling","tier_2_traditional_retelling","kindness","humility","kindness","ages_3_5|ages_6_8|ages_9_12","3","Inspired by devotional storytelling tradition and common oral retelling patterns; final sourcing to be reviewed.","Parent note: traditional/canonical-inspired retelling reviewed for respectful tone; verify source note before wide release.","medium","medium","medium","medium","private_alpha","P1","needs_source_review","Index-only base concept for Sprint 39; full story writing deferred."
"BSI-0042","ganesha story seed 2","ganesha","traditional_retelling","tier_2_traditional_retelling","courage","compassion","courage","ages_3_5|ages_6_8|ages_9_12","3","Inspired by devotional storytelling tradition and common oral retelling patterns; final sourcing to be reviewed.","Parent note: traditional/canonical-inspired retelling reviewed for respectful tone; verify source note before wide release.","medium","medium","medium","medium","public_beta","P2","needs_source_review","Index-only base concept for Sprint 39; full story writing deferred."
"BSI-0043","ganesha story seed 3","ganesha","traditional_retelling","tier_2_traditional_retelling","truth","discipline","truth","ages_3_5|ages_6_8|ages_9_12","3","Inspired by devotional storytelling tradition and common oral retelling patterns; final sourcing to be reviewed.","Parent note: traditional/canonical-inspired retelling reviewed for respectful tone; verify source note before wide release.","medium","high","medium","medium","later_phase","P2","needs_source_review","Index-only base concept for Sprint 39; full story writing deferred."
"BSI-0044","ganesha story seed 4","ganesha","traditional_retelling","tier_2_traditional_retelling","patience","service","patience","ages_3_5|ages_6_8|ages_9_12","3","Inspired by devotional storytelling tradition and common oral retelling patterns; final sourcing to be reviewed.","Parent note: traditional/canonical-inspired retelling reviewed for respectful tone; verify source note before wide release.","medium","medium","high","medium","private_alpha","P2","needs_source_review","Index-only base concept for Sprint 39; full story writing deferred."
"BSI-0045","ganesha story seed 5","ganesha","traditional_retelling","tier_2_traditional_retelling","gratitude","wisdom","gratitude","ages_3_5|ages_6_8|ages_9_12","3","Inspired by devotional storytelling tradition and common oral retelling patterns; final sourcing to be reviewed.","Parent note: traditional/canonical-inspired retelling reviewed for respectful tone; verify source note before wide release.","medium","medium","medium","high","public_beta","P3","needs_source_review","Index-only base concept for Sprint 39; full story writing deferred."
"BSI-0046","ganesha story seed 6","ganesha","traditional_retelling","tier_2_traditional_retelling","humility","humility","humility","ages_3_5|ages_6_8|ages_9_12","3","Inspired by devotional storytelling tradition and common oral retelling patterns; final sourcing to be reviewed.","Parent note: traditional/canonical-inspired retelling reviewed for respectful tone; verify source note before wide release.","medium","high","medium","medium","later_phase","P3","needs_source_review","Index-only base concept for Sprint 39; full story writing deferred."
"BSI-0047","ganesha story seed 7","ganesha","canonical_story","tier_1_canonical_sacred","devotion","compassion","devotion","ages_3_5|ages_6_8|ages_9_12","3","Conservative canonical episode framing for child-safe retelling; exact verse mapping requires reviewer confirmation.","Parent note: traditional/canonical-inspired retelling reviewed for respectful tone; verify source note before wide release.","high","medium","medium","medium","private_alpha","P3","needs_source_review","Index-only base concept for Sprint 39; full story writing deferred."
"BSI-0048","ganesha story seed 8","ganesha","traditional_retelling","tier_2_traditional_retelling","friendship","discipline","friendship","ages_3_5|ages_6_8|ages_9_12","3","Inspired by devotional storytelling tradition and common oral retelling patterns; final sourcing to be reviewed.","Parent note: traditional/canonical-inspired retelling reviewed for respectful tone; verify source note before wide release.","medium","medium","high","medium","public_beta","P3","needs_source_review","Index-only base concept for Sprint 39; full story writing deferred."
"BSI-0049","ganesha story seed 9","ganesha","traditional_retelling","tier_2_traditional_retelling","generosity","service","generosity","ages_3_5|ages_6_8|ages_9_12","3","Inspired by devotional storytelling tradition and common oral retelling patterns; final sourcing to be reviewed.","Parent note: traditional/canonical-inspired retelling reviewed for respectful tone; verify source note before wide release.","medium","high","medium","medium","later_phase","P3","needs_source_review","Index-only base concept for Sprint 39; full story writing deferred."
"BSI-0050","ganesha story seed 10","ganesha","traditional_retelling","tier_2_traditional_retelling","focus","wisdom","focus","ages_3_5|ages_6_8|ages_9_12","3","Inspired by devotional storytelling tradition and common oral retelling patterns; final sourcing to be reviewed.","Parent note: traditional/canonical-inspired retelling reviewed for respectful tone; verify source note before wide release.","medium","medium","medium","high","private_alpha","P1","needs_source_review","Index-only base concept for Sprint 39; full story writing deferred."
"BSI-0051","ganesha story seed 11","ganesha","traditional_retelling","tier_2_traditional_retelling","forgiveness","humility","forgiveness","ages_3_5|ages_6_8|ages_9_12","3","Inspired by devotional storytelling tradition and common oral retelling patterns; final sourcing to be reviewed.","Parent note: traditional/canonical-inspired retelling reviewed for respectful tone; verify source note before wide release.","medium","medium","medium","medium","public_beta","P1","needs_source_review","Index-only base concept for Sprint 39; full story writing deferred."
"BSI-0052","ganesha story seed 12","ganesha","traditional_retelling","tier_2_traditional_retelling","discipline","compassion","discipline","ages_3_5|ages_6_8|ages_9_12","3","Inspired by devotional storytelling tradition and common oral retelling patterns; final sourcing to be reviewed.","Parent note: traditional/canonical-inspired retelling reviewed for respectful tone; verify source note before wide release.","medium","high","high","medium","later_phase","P2","needs_source_review","Index-only base concept for Sprint 39; full story writing deferred."
"BSI-0053","ganesha story seed 13","ganesha","traditional_retelling","tier_2_traditional_retelling","compassion","discipline","compassion","ages_3_5|ages_6_8|ages_9_12","3","Inspired by devotional storytelling tradition and common oral retelling patterns; final sourcing to be reviewed.","Parent note: traditional/canonical-inspired retelling reviewed for respectful tone; verify source note before wide release.","medium","medium","medium","medium","private_alpha","P2","needs_source_review","Index-only base concept for Sprint 39; full story writing deferred."
"BSI-0054","ganesha story seed 14","ganesha","canonical_story","tier_1_canonical_sacred","respect","service","respect","ages_3_5|ages_6_8|ages_9_12","3","Conservative canonical episode framing for child-safe retelling; exact verse mapping requires reviewer confirmation.","Parent note: traditional/canonical-inspired retelling reviewed for respectful tone; verify source note before wide release.","high","medium","medium","medium","public_beta","P2","needs_source_review","Index-only base concept for Sprint 39; full story writing deferred."
"BSI-0055","ganesha story seed 15","ganesha","traditional_retelling","tier_2_traditional_retelling","curiosity","wisdom","curiosity","ages_3_5|ages_6_8|ages_9_12","3","Inspired by devotional storytelling tradition and common oral retelling patterns; final sourcing to be reviewed.","Parent note: traditional/canonical-inspired retelling reviewed for respectful tone; verify source note before wide release.","medium","high","medium","high","later_phase","P3","needs_source_review","Index-only base concept for Sprint 39; full story writing deferred."
"BSI-0056","ganesha story seed 16","ganesha","traditional_retelling","tier_2_traditional_retelling","responsibility","humility","responsibility","ages_3_5|ages_6_8|ages_9_12","3","Inspired by devotional storytelling tradition and common oral retelling patterns; final sourcing to be reviewed.","Parent note: traditional/canonical-inspired retelling reviewed for respectful tone; verify source note before wide release.","medium","medium","high","medium","private_alpha","P3","needs_source_review","Index-only base concept for Sprint 39; full story writing deferred."
"BSI-0057","ganesha story seed 17","ganesha","traditional_retelling","tier_2_traditional_retelling","calm","compassion","calm","ages_3_5|ages_6_8|ages_9_12","3","Inspired by devotional storytelling tradition and common oral retelling patterns; final sourcing to be reviewed.","Parent note: traditional/canonical-inspired retelling reviewed for respectful tone; verify source note before wide release.","medium","medium","medium","medium","public_beta","P3","needs_source_review","Index-only base concept for Sprint 39; full story writing deferred."
"BSI-0058","ganesha story seed 18","ganesha","traditional_retelling","tier_2_traditional_retelling","self-control","discipline","self-control","ages_3_5|ages_6_8|ages_9_12","3","Inspired by devotional storytelling tradition and common oral retelling patterns; final sourcing to be reviewed.","Parent note: traditional/canonical-inspired retelling reviewed for respectful tone; verify source note before wide release.","medium","high","medium","medium","later_phase","P3","needs_source_review","Index-only base concept for Sprint 39; full story writing deferred."
"BSI-0059","ganesha story seed 19","ganesha","traditional_retelling","tier_2_traditional_retelling","wisdom","service","wisdom","ages_3_5|ages_6_8|ages_9_12","3","Inspired by devotional storytelling tradition and common oral retelling patterns; final sourcing to be reviewed.","Parent note: traditional/canonical-inspired retelling reviewed for respectful tone; verify source note before wide release.","medium","medium","medium","medium","private_alpha","P3","needs_source_review","Index-only base concept for Sprint 39; full story writing deferred."
"BSI-0060","ganesha story seed 20","ganesha","traditional_retelling","tier_2_traditional_retelling","service","wisdom","service","ages_3_5|ages_6_8|ages_9_12","3","Inspired by devotional storytelling tradition and common oral retelling patterns; final sourcing to be reviewed.","Parent note: traditional/canonical-inspired retelling reviewed for respectful tone; verify source note before wide release.","medium","medium","high","high","public_beta","P1","needs_source_review","Index-only base concept for Sprint 39; full story writing deferred."
"BSI-0061","ganesha story seed 21","ganesha","canonical_story","tier_1_canonical_sacred","kindness","humility","kindness","ages_3_5|ages_6_8|ages_9_12","3","Conservative canonical episode framing for child-safe retelling; exact verse mapping requires reviewer confirmation.","Parent note: traditional/canonical-inspired retelling reviewed for respectful tone; verify source note before wide release.","high","high","medium","medium","later_phase","P1","needs_source_review","Index-only base concept for Sprint 39; full story writing deferred."
"BSI-0062","ganesha story seed 22","ganesha","traditional_retelling","tier_2_traditional_retelling","courage","compassion","courage","ages_3_5|ages_6_8|ages_9_12","3","Inspired by devotional storytelling tradition and common oral retelling patterns; final sourcing to be reviewed.","Parent note: traditional/canonical-inspired retelling reviewed for respectful tone; verify source note before wide release.","medium","medium","medium","medium","private_alpha","P2","needs_source_review","Index-only base concept for Sprint 39; full story writing deferred."
"BSI-0063","ganesha story seed 23","ganesha","traditional_retelling","tier_2_traditional_retelling","truth","discipline","truth","ages_3_5|ages_6_8|ages_9_12","3","Inspired by devotional storytelling tradition and common oral retelling patterns; final sourcing to be reviewed.","Parent note: traditional/canonical-inspired retelling reviewed for respectful tone; verify source note before wide release.","medium","medium","medium","medium","public_beta","P2","needs_source_review","Index-only base concept for Sprint 39; full story writing deferred."
"BSI-0064","ganesha story seed 24","ganesha","traditional_retelling","tier_2_traditional_retelling","patience","service","patience","ages_3_5|ages_6_8|ages_9_12","3","Inspired by devotional storytelling tradition and common oral retelling patterns; final sourcing to be reviewed.","Parent note: traditional/canonical-inspired retelling reviewed for respectful tone; verify source note before wide release.","medium","high","high","medium","later_phase","P2","needs_source_review","Index-only base concept for Sprint 39; full story writing deferred."
"BSI-0065","ganesha story seed 25","ganesha","traditional_retelling","tier_2_traditional_retelling","gratitude","wisdom","gratitude","ages_3_5|ages_6_8|ages_9_12","3","Inspired by devotional storytelling tradition and common oral retelling patterns; final sourcing to be reviewed.","Parent note: traditional/canonical-inspired retelling reviewed for respectful tone; verify source note before wide release.","medium","medium","medium","high","private_alpha","P3","needs_source_review","Index-only base concept for Sprint 39; full story writing deferred."
"BSI-0066","ganesha story seed 26","ganesha","traditional_retelling","tier_2_traditional_retelling","humility","humility","humility","ages_3_5|ages_6_8|ages_9_12","3","Inspired by devotional storytelling tradition and common oral retelling patterns; final sourcing to be reviewed.","Parent note: traditional/canonical-inspired retelling reviewed for respectful tone; verify source note before wide release.","medium","medium","medium","medium","public_beta","P3","needs_source_review","Index-only base concept for Sprint 39; full story writing deferred."
"BSI-0067","ganesha story seed 27","ganesha","traditional_retelling","tier_2_traditional_retelling","devotion","compassion","devotion","ages_3_5|ages_6_8|ages_9_12","3","Inspired by devotional storytelling tradition and common oral retelling patterns; final sourcing to be reviewed.","Parent note: traditional/canonical-inspired retelling reviewed for respectful tone; verify source note before wide release.","medium","high","medium","medium","later_phase","P3","needs_source_review","Index-only base concept for Sprint 39; full story writing deferred."
"BSI-0068","ganesha story seed 28","ganesha","canonical_story","tier_1_canonical_sacred","friendship","discipline","friendship","ages_3_5|ages_6_8|ages_9_12","3","Conservative canonical episode framing for child-safe retelling; exact verse mapping requires reviewer confirmation.","Parent note: traditional/canonical-inspired retelling reviewed for respectful tone; verify source note before wide release.","high","medium","high","medium","private_alpha","P3","needs_source_review","Index-only base concept for Sprint 39; full story writing deferred."
"BSI-0069","ganesha story seed 29","ganesha","traditional_retelling","tier_2_traditional_retelling","generosity","service","generosity","ages_3_5|ages_6_8|ages_9_12","3","Inspired by devotional storytelling tradition and common oral retelling patterns; final sourcing to be reviewed.","Parent note: traditional/canonical-inspired retelling reviewed for respectful tone; verify source note before wide release.","medium","medium","medium","medium","public_beta","P3","needs_source_review","Index-only base concept for Sprint 39; full story writing deferred."
"BSI-0070","ganesha story seed 30","ganesha","traditional_retelling","tier_2_traditional_retelling","focus","wisdom","focus","ages_3_5|ages_6_8|ages_9_12","3","Inspired by devotional storytelling tradition and common oral retelling patterns; final sourcing to be reviewed.","Parent note: traditional/canonical-inspired retelling reviewed for respectful tone; verify source note before wide release.","medium","high","medium","high","later_phase","P1","needs_source_review","Index-only base concept for Sprint 39; full story writing deferred."
"BSI-0071","hanuman story seed 1","hanuman","traditional_retelling","tier_2_traditional_retelling","forgiveness","humility","forgiveness","ages_3_5|ages_6_8|ages_9_12","3","Inspired by devotional storytelling tradition and common oral retelling patterns; final sourcing to be reviewed.","Parent note: traditional/canonical-inspired retelling reviewed for respectful tone; verify source note before wide release.","medium","medium","medium","medium","private_alpha","P1","needs_source_review","Index-only base concept for Sprint 39; full story writing deferred."
"BSI-0072","hanuman story seed 2","hanuman","traditional_retelling","tier_2_traditional_retelling","discipline","compassion","discipline","ages_3_5|ages_6_8|ages_9_12","3","Inspired by devotional storytelling tradition and common oral retelling patterns; final sourcing to be reviewed.","Parent note: traditional/canonical-inspired retelling reviewed for respectful tone; verify source note before wide release.","medium","medium","medium","medium","public_beta","P2","needs_source_review","Index-only base concept for Sprint 39; full story writing deferred."
"BSI-0073","hanuman story seed 3","hanuman","traditional_retelling","tier_2_traditional_retelling","compassion","discipline","compassion","ages_3_5|ages_6_8|ages_9_12","3","Inspired by devotional storytelling tradition and common oral retelling patterns; final sourcing to be reviewed.","Parent note: traditional/canonical-inspired retelling reviewed for respectful tone; verify source note before wide release.","medium","high","medium","medium","later_phase","P2","needs_source_review","Index-only base concept for Sprint 39; full story writing deferred."
"BSI-0074","hanuman story seed 4","hanuman","traditional_retelling","tier_2_traditional_retelling","respect","service","respect","ages_3_5|ages_6_8|ages_9_12","3","Inspired by devotional storytelling tradition and common oral retelling patterns; final sourcing to be reviewed.","Parent note: traditional/canonical-inspired retelling reviewed for respectful tone; verify source note before wide release.","medium","medium","high","medium","private_alpha","P2","needs_source_review","Index-only base concept for Sprint 39; full story writing deferred."
"BSI-0075","hanuman story seed 5","hanuman","traditional_retelling","tier_2_traditional_retelling","curiosity","wisdom","curiosity","ages_3_5|ages_6_8|ages_9_12","3","Inspired by devotional storytelling tradition and common oral retelling patterns; final sourcing to be reviewed.","Parent note: traditional/canonical-inspired retelling reviewed for respectful tone; verify source note before wide release.","medium","medium","medium","high","public_beta","P3","needs_source_review","Index-only base concept for Sprint 39; full story writing deferred."
"BSI-0076","hanuman story seed 6","hanuman","traditional_retelling","tier_2_traditional_retelling","responsibility","humility","responsibility","ages_3_5|ages_6_8|ages_9_12","3","Inspired by devotional storytelling tradition and common oral retelling patterns; final sourcing to be reviewed.","Parent note: traditional/canonical-inspired retelling reviewed for respectful tone; verify source note before wide release.","medium","high","medium","medium","later_phase","P3","needs_source_review","Index-only base concept for Sprint 39; full story writing deferred."
"BSI-0077","hanuman story seed 7","hanuman","canonical_story","tier_1_canonical_sacred","calm","compassion","calm","ages_3_5|ages_6_8|ages_9_12","3","Conservative canonical episode framing for child-safe retelling; exact verse mapping requires reviewer confirmation.","Parent note: traditional/canonical-inspired retelling reviewed for respectful tone; verify source note before wide release.","high","medium","medium","medium","private_alpha","P3","needs_source_review","Index-only base concept for Sprint 39; full story writing deferred."
"BSI-0078","hanuman story seed 8","hanuman","traditional_retelling","tier_2_traditional_retelling","self-control","discipline","self-control","ages_3_5|ages_6_8|ages_9_12","3","Inspired by devotional storytelling tradition and common oral retelling patterns; final sourcing to be reviewed.","Parent note: traditional/canonical-inspired retelling reviewed for respectful tone; verify source note before wide release.","medium","medium","high","medium","public_beta","P3","needs_source_review","Index-only base concept for Sprint 39; full story writing deferred."
"BSI-0079","hanuman story seed 9","hanuman","traditional_retelling","tier_2_traditional_retelling","wisdom","service","wisdom","ages_3_5|ages_6_8|ages_9_12","3","Inspired by devotional storytelling tradition and common oral retelling patterns; final sourcing to be reviewed.","Parent note: traditional/canonical-inspired retelling reviewed for respectful tone; verify source note before wide release.","medium","high","medium","medium","later_phase","P3","needs_source_review","Index-only base concept for Sprint 39; full story writing deferred."
"BSI-0080","hanuman story seed 10","hanuman","traditional_retelling","tier_2_traditional_retelling","service","wisdom","service","ages_3_5|ages_6_8|ages_9_12","3","Inspired by devotional storytelling tradition and common oral retelling patterns; final sourcing to be reviewed.","Parent note: traditional/canonical-inspired retelling reviewed for respectful tone; verify source note before wide release.","medium","medium","medium","high","private_alpha","P1","needs_source_review","Index-only base concept for Sprint 39; full story writing deferred."
"BSI-0081","hanuman story seed 11","hanuman","traditional_retelling","tier_2_traditional_retelling","kindness","humility","kindness","ages_3_5|ages_6_8|ages_9_12","3","Inspired by devotional storytelling tradition and common oral retelling patterns; final sourcing to be reviewed.","Parent note: traditional/canonical-inspired retelling reviewed for respectful tone; verify source note before wide release.","medium","medium","medium","medium","public_beta","P1","needs_source_review","Index-only base concept for Sprint 39; full story writing deferred."
"BSI-0082","hanuman story seed 12","hanuman","traditional_retelling","tier_2_traditional_retelling","courage","compassion","courage","ages_3_5|ages_6_8|ages_9_12","3","Inspired by devotional storytelling tradition and common oral retelling patterns; final sourcing to be reviewed.","Parent note: traditional/canonical-inspired retelling reviewed for respectful tone; verify source note before wide release.","medium","high","high","medium","later_phase","P2","needs_source_review","Index-only base concept for Sprint 39; full story writing deferred."
"BSI-0083","hanuman story seed 13","hanuman","traditional_retelling","tier_2_traditional_retelling","truth","discipline","truth","ages_3_5|ages_6_8|ages_9_12","3","Inspired by devotional storytelling tradition and common oral retelling patterns; final sourcing to be reviewed.","Parent note: traditional/canonical-inspired retelling reviewed for respectful tone; verify source note before wide release.","medium","medium","medium","medium","private_alpha","P2","needs_source_review","Index-only base concept for Sprint 39; full story writing deferred."
"BSI-0084","hanuman story seed 14","hanuman","canonical_story","tier_1_canonical_sacred","patience","service","patience","ages_3_5|ages_6_8|ages_9_12","3","Conservative canonical episode framing for child-safe retelling; exact verse mapping requires reviewer confirmation.","Parent note: traditional/canonical-inspired retelling reviewed for respectful tone; verify source note before wide release.","high","medium","medium","medium","public_beta","P2","needs_source_review","Index-only base concept for Sprint 39; full story writing deferred."
"BSI-0085","hanuman story seed 15","hanuman","traditional_retelling","tier_2_traditional_retelling","gratitude","wisdom","gratitude","ages_3_5|ages_6_8|ages_9_12","3","Inspired by devotional storytelling tradition and common oral retelling patterns; final sourcing to be reviewed.","Parent note: traditional/canonical-inspired retelling reviewed for respectful tone; verify source note before wide release.","medium","high","medium","high","later_phase","P3","needs_source_review","Index-only base concept for Sprint 39; full story writing deferred."
"BSI-0086","hanuman story seed 16","hanuman","traditional_retelling","tier_2_traditional_retelling","humility","humility","humility","ages_3_5|ages_6_8|ages_9_12","3","Inspired by devotional storytelling tradition and common oral retelling patterns; final sourcing to be reviewed.","Parent note: traditional/canonical-inspired retelling reviewed for respectful tone; verify source note before wide release.","medium","medium","high","medium","private_alpha","P3","needs_source_review","Index-only base concept for Sprint 39; full story writing deferred."
"BSI-0087","hanuman story seed 17","hanuman","traditional_retelling","tier_2_traditional_retelling","devotion","compassion","devotion","ages_3_5|ages_6_8|ages_9_12","3","Inspired by devotional storytelling tradition and common oral retelling patterns; final sourcing to be reviewed.","Parent note: traditional/canonical-inspired retelling reviewed for respectful tone; verify source note before wide release.","medium","medium","medium","medium","public_beta","P3","needs_source_review","Index-only base concept for Sprint 39; full story writing deferred."
"BSI-0088","hanuman story seed 18","hanuman","traditional_retelling","tier_2_traditional_retelling","friendship","discipline","friendship","ages_3_5|ages_6_8|ages_9_12","3","Inspired by devotional storytelling tradition and common oral retelling patterns; final sourcing to be reviewed.","Parent note: traditional/canonical-inspired retelling reviewed for respectful tone; verify source note before wide release.","medium","high","medium","medium","later_phase","P3","needs_source_review","Index-only base concept for Sprint 39; full story writing deferred."
"BSI-0089","hanuman story seed 19","hanuman","traditional_retelling","tier_2_traditional_retelling","generosity","service","generosity","ages_3_5|ages_6_8|ages_9_12","3","Inspired by devotional storytelling tradition and common oral retelling patterns; final sourcing to be reviewed.","Parent note: traditional/canonical-inspired retelling reviewed for respectful tone; verify source note before wide release.","medium","medium","medium","medium","private_alpha","P3","needs_source_review","Index-only base concept for Sprint 39; full story writing deferred."
"BSI-0090","hanuman story seed 20","hanuman","traditional_retelling","tier_2_traditional_retelling","focus","wisdom","focus","ages_3_5|ages_6_8|ages_9_12","3","Inspired by devotional storytelling tradition and common oral retelling patterns; final sourcing to be reviewed.","Parent note: traditional/canonical-inspired retelling reviewed for respectful tone; verify source note before wide release.","medium","medium","high","high","public_beta","P1","needs_source_review","Index-only base concept for Sprint 39; full story writing deferred."
"BSI-0091","hanuman story seed 21","hanuman","canonical_story","tier_1_canonical_sacred","forgiveness","humility","forgiveness","ages_3_5|ages_6_8|ages_9_12","3","Conservative canonical episode framing for child-safe retelling; exact verse mapping requires reviewer confirmation.","Parent note: traditional/canonical-inspired retelling reviewed for respectful tone; verify source note before wide release.","high","high","medium","medium","later_phase","P1","needs_source_review","Index-only base concept for Sprint 39; full story writing deferred."
"BSI-0092","hanuman story seed 22","hanuman","traditional_retelling","tier_2_traditional_retelling","discipline","compassion","discipline","ages_3_5|ages_6_8|ages_9_12","3","Inspired by devotional storytelling tradition and common oral retelling patterns; final sourcing to be reviewed.","Parent note: traditional/canonical-inspired retelling reviewed for respectful tone; verify source note before wide release.","medium","medium","medium","medium","private_alpha","P2","needs_source_review","Index-only base concept for Sprint 39; full story writing deferred."
"BSI-0093","hanuman story seed 23","hanuman","traditional_retelling","tier_2_traditional_retelling","compassion","discipline","compassion","ages_3_5|ages_6_8|ages_9_12","3","Inspired by devotional storytelling tradition and common oral retelling patterns; final sourcing to be reviewed.","Parent note: traditional/canonical-inspired retelling reviewed for respectful tone; verify source note before wide release.","medium","medium","medium","medium","public_beta","P2","needs_source_review","Index-only base concept for Sprint 39; full story writing deferred."
"BSI-0094","hanuman story seed 24","hanuman","traditional_retelling","tier_2_traditional_retelling","respect","service","respect","ages_3_5|ages_6_8|ages_9_12","3","Inspired by devotional storytelling tradition and common oral retelling patterns; final sourcing to be reviewed.","Parent note: traditional/canonical-inspired retelling reviewed for respectful tone; verify source note before wide release.","medium","high","high","medium","later_phase","P2","needs_source_review","Index-only base concept for Sprint 39; full story writing deferred."
"BSI-0095","hanuman story seed 25","hanuman","traditional_retelling","tier_2_traditional_retelling","curiosity","wisdom","curiosity","ages_3_5|ages_6_8|ages_9_12","3","Inspired by devotional storytelling tradition and common oral retelling patterns; final sourcing to be reviewed.","Parent note: traditional/canonical-inspired retelling reviewed for respectful tone; verify source note before wide release.","medium","medium","medium","high","private_alpha","P3","needs_source_review","Index-only base concept for Sprint 39; full story writing deferred."
"BSI-0096","hanuman story seed 26","hanuman","traditional_retelling","tier_2_traditional_retelling","responsibility","humility","responsibility","ages_3_5|ages_6_8|ages_9_12","3","Inspired by devotional storytelling tradition and common oral retelling patterns; final sourcing to be reviewed.","Parent note: traditional/canonical-inspired retelling reviewed for respectful tone; verify source note before wide release.","medium","medium","medium","medium","public_beta","P3","needs_source_review","Index-only base concept for Sprint 39; full story writing deferred."
"BSI-0097","hanuman story seed 27","hanuman","traditional_retelling","tier_2_traditional_retelling","calm","compassion","calm","ages_3_5|ages_6_8|ages_9_12","3","Inspired by devotional storytelling tradition and common oral retelling patterns; final sourcing to be reviewed.","Parent note: traditional/canonical-inspired retelling reviewed for respectful tone; verify source note before wide release.","medium","high","medium","medium","later_phase","P3","needs_source_review","Index-only base concept for Sprint 39; full story writing deferred."
"BSI-0098","hanuman story seed 28","hanuman","canonical_story","tier_1_canonical_sacred","self-control","discipline","self-control","ages_3_5|ages_6_8|ages_9_12","3","Conservative canonical episode framing for child-safe retelling; exact verse mapping requires reviewer confirmation.","Parent note: traditional/canonical-inspired retelling reviewed for respectful tone; verify source note before wide release.","high","medium","high","medium","private_alpha","P3","needs_source_review","Index-only base concept for Sprint 39; full story writing deferred."
"BSI-0099","hanuman story seed 29","hanuman","traditional_retelling","tier_2_traditional_retelling","wisdom","service","wisdom","ages_3_5|ages_6_8|ages_9_12","3","Inspired by devotional storytelling tradition and common oral retelling patterns; final sourcing to be reviewed.","Parent note: traditional/canonical-inspired retelling reviewed for respectful tone; verify source note before wide release.","medium","medium","medium","medium","public_beta","P3","needs_source_review","Index-only base concept for Sprint 39; full story writing deferred."
"BSI-0100","hanuman story seed 30","hanuman","traditional_retelling","tier_2_traditional_retelling","service","wisdom","service","ages_3_5|ages_6_8|ages_9_12","3","Inspired by devotional storytelling tradition and common oral retelling patterns; final sourcing to be reviewed.","Parent note: traditional/canonical-inspired retelling reviewed for respectful tone; verify source note before wide release.","medium","high","medium","high","later_phase","P1","needs_source_review","Index-only base concept for Sprint 39; full story writing deferred."
"BSI-0101","ramayana story seed 1","ramayana","traditional_retelling","tier_2_traditional_retelling","kindness","humility","kindness","ages_3_5|ages_6_8|ages_9_12","3","Inspired by devotional storytelling tradition and common oral retelling patterns; final sourcing to be reviewed.","Parent note: traditional/canonical-inspired retelling reviewed for respectful tone; verify source note before wide release.","medium","medium","medium","medium","private_alpha","P1","needs_source_review","Index-only base concept for Sprint 39; full story writing deferred."
"BSI-0102","ramayana story seed 2","ramayana","traditional_retelling","tier_2_traditional_retelling","courage","compassion","courage","ages_3_5|ages_6_8|ages_9_12","3","Inspired by devotional storytelling tradition and common oral retelling patterns; final sourcing to be reviewed.","Parent note: traditional/canonical-inspired retelling reviewed for respectful tone; verify source note before wide release.","medium","medium","medium","medium","public_beta","P2","needs_source_review","Index-only base concept for Sprint 39; full story writing deferred."
"BSI-0103","ramayana story seed 3","ramayana","traditional_retelling","tier_2_traditional_retelling","truth","discipline","truth","ages_3_5|ages_6_8|ages_9_12","3","Inspired by devotional storytelling tradition and common oral retelling patterns; final sourcing to be reviewed.","Parent note: traditional/canonical-inspired retelling reviewed for respectful tone; verify source note before wide release.","medium","high","medium","medium","later_phase","P2","needs_source_review","Index-only base concept for Sprint 39; full story writing deferred."
"BSI-0104","ramayana story seed 4","ramayana","traditional_retelling","tier_2_traditional_retelling","patience","service","patience","ages_3_5|ages_6_8|ages_9_12","3","Inspired by devotional storytelling tradition and common oral retelling patterns; final sourcing to be reviewed.","Parent note: traditional/canonical-inspired retelling reviewed for respectful tone; verify source note before wide release.","medium","medium","high","medium","private_alpha","P2","needs_source_review","Index-only base concept for Sprint 39; full story writing deferred."
"BSI-0105","ramayana story seed 5","ramayana","traditional_retelling","tier_2_traditional_retelling","gratitude","wisdom","gratitude","ages_3_5|ages_6_8|ages_9_12","3","Inspired by devotional storytelling tradition and common oral retelling patterns; final sourcing to be reviewed.","Parent note: traditional/canonical-inspired retelling reviewed for respectful tone; verify source note before wide release.","medium","medium","medium","high","public_beta","P3","needs_source_review","Index-only base concept for Sprint 39; full story writing deferred."
"BSI-0106","ramayana story seed 6","ramayana","traditional_retelling","tier_2_traditional_retelling","humility","humility","humility","ages_3_5|ages_6_8|ages_9_12","3","Inspired by devotional storytelling tradition and common oral retelling patterns; final sourcing to be reviewed.","Parent note: traditional/canonical-inspired retelling reviewed for respectful tone; verify source note before wide release.","medium","high","medium","medium","later_phase","P3","needs_source_review","Index-only base concept for Sprint 39; full story writing deferred."
"BSI-0107","ramayana story seed 7","ramayana","canonical_story","tier_1_canonical_sacred","devotion","compassion","devotion","ages_3_5|ages_6_8|ages_9_12","3","Conservative canonical episode framing for child-safe retelling; exact verse mapping requires reviewer confirmation.","Parent note: traditional/canonical-inspired retelling reviewed for respectful tone; verify source note before wide release.","high","medium","medium","medium","private_alpha","P3","needs_source_review","Index-only base concept for Sprint 39; full story writing deferred."
"BSI-0108","ramayana story seed 8","ramayana","traditional_retelling","tier_2_traditional_retelling","friendship","discipline","friendship","ages_3_5|ages_6_8|ages_9_12","3","Inspired by devotional storytelling tradition and common oral retelling patterns; final sourcing to be reviewed.","Parent note: traditional/canonical-inspired retelling reviewed for respectful tone; verify source note before wide release.","medium","medium","high","medium","public_beta","P3","needs_source_review","Index-only base concept for Sprint 39; full story writing deferred."
"BSI-0109","ramayana story seed 9","ramayana","traditional_retelling","tier_2_traditional_retelling","generosity","service","generosity","ages_3_5|ages_6_8|ages_9_12","3","Inspired by devotional storytelling tradition and common oral retelling patterns; final sourcing to be reviewed.","Parent note: traditional/canonical-inspired retelling reviewed for respectful tone; verify source note before wide release.","medium","high","medium","medium","later_phase","P3","needs_source_review","Index-only base concept for Sprint 39; full story writing deferred."
"BSI-0110","ramayana story seed 10","ramayana","traditional_retelling","tier_2_traditional_retelling","focus","wisdom","focus","ages_3_5|ages_6_8|ages_9_12","3","Inspired by devotional storytelling tradition and common oral retelling patterns; final sourcing to be reviewed.","Parent note: traditional/canonical-inspired retelling reviewed for respectful tone; verify source note before wide release.","medium","medium","medium","high","private_alpha","P1","needs_source_review","Index-only base concept for Sprint 39; full story writing deferred."
"BSI-0111","ramayana story seed 11","ramayana","traditional_retelling","tier_2_traditional_retelling","forgiveness","humility","forgiveness","ages_3_5|ages_6_8|ages_9_12","3","Inspired by devotional storytelling tradition and common oral retelling patterns; final sourcing to be reviewed.","Parent note: traditional/canonical-inspired retelling reviewed for respectful tone; verify source note before wide release.","medium","medium","medium","medium","public_beta","P1","needs_source_review","Index-only base concept for Sprint 39; full story writing deferred."
"BSI-0112","ramayana story seed 12","ramayana","traditional_retelling","tier_2_traditional_retelling","discipline","compassion","discipline","ages_3_5|ages_6_8|ages_9_12","3","Inspired by devotional storytelling tradition and common oral retelling patterns; final sourcing to be reviewed.","Parent note: traditional/canonical-inspired retelling reviewed for respectful tone; verify source note before wide release.","medium","high","high","medium","later_phase","P2","needs_source_review","Index-only base concept for Sprint 39; full story writing deferred."
"BSI-0113","ramayana story seed 13","ramayana","traditional_retelling","tier_2_traditional_retelling","compassion","discipline","compassion","ages_3_5|ages_6_8|ages_9_12","3","Inspired by devotional storytelling tradition and common oral retelling patterns; final sourcing to be reviewed.","Parent note: traditional/canonical-inspired retelling reviewed for respectful tone; verify source note before wide release.","medium","medium","medium","medium","private_alpha","P2","needs_source_review","Index-only base concept for Sprint 39; full story writing deferred."
"BSI-0114","ramayana story seed 14","ramayana","canonical_story","tier_1_canonical_sacred","respect","service","respect","ages_3_5|ages_6_8|ages_9_12","3","Conservative canonical episode framing for child-safe retelling; exact verse mapping requires reviewer confirmation.","Parent note: traditional/canonical-inspired retelling reviewed for respectful tone; verify source note before wide release.","high","medium","medium","medium","public_beta","P2","needs_source_review","Index-only base concept for Sprint 39; full story writing deferred."
"BSI-0115","ramayana story seed 15","ramayana","traditional_retelling","tier_2_traditional_retelling","curiosity","wisdom","curiosity","ages_3_5|ages_6_8|ages_9_12","3","Inspired by devotional storytelling tradition and common oral retelling patterns; final sourcing to be reviewed.","Parent note: traditional/canonical-inspired retelling reviewed for respectful tone; verify source note before wide release.","medium","high","medium","high","later_phase","P3","needs_source_review","Index-only base concept for Sprint 39; full story writing deferred."
"BSI-0116","ramayana story seed 16","ramayana","traditional_retelling","tier_2_traditional_retelling","responsibility","humility","responsibility","ages_3_5|ages_6_8|ages_9_12","3","Inspired by devotional storytelling tradition and common oral retelling patterns; final sourcing to be reviewed.","Parent note: traditional/canonical-inspired retelling reviewed for respectful tone; verify source note before wide release.","medium","medium","high","medium","private_alpha","P3","needs_source_review","Index-only base concept for Sprint 39; full story writing deferred."
"BSI-0117","ramayana story seed 17","ramayana","traditional_retelling","tier_2_traditional_retelling","calm","compassion","calm","ages_3_5|ages_6_8|ages_9_12","3","Inspired by devotional storytelling tradition and common oral retelling patterns; final sourcing to be reviewed.","Parent note: traditional/canonical-inspired retelling reviewed for respectful tone; verify source note before wide release.","medium","medium","medium","medium","public_beta","P3","needs_source_review","Index-only base concept for Sprint 39; full story writing deferred."
"BSI-0118","ramayana story seed 18","ramayana","traditional_retelling","tier_2_traditional_retelling","self-control","discipline","self-control","ages_3_5|ages_6_8|ages_9_12","3","Inspired by devotional storytelling tradition and common oral retelling patterns; final sourcing to be reviewed.","Parent note: traditional/canonical-inspired retelling reviewed for respectful tone; verify source note before wide release.","medium","high","medium","medium","later_phase","P3","needs_source_review","Index-only base concept for Sprint 39; full story writing deferred."
"BSI-0119","ramayana story seed 19","ramayana","traditional_retelling","tier_2_traditional_retelling","wisdom","service","wisdom","ages_3_5|ages_6_8|ages_9_12","3","Inspired by devotional storytelling tradition and common oral retelling patterns; final sourcing to be reviewed.","Parent note: traditional/canonical-inspired retelling reviewed for respectful tone; verify source note before wide release.","medium","medium","medium","medium","private_alpha","P3","needs_source_review","Index-only base concept for Sprint 39; full story writing deferred."
"BSI-0120","ramayana story seed 20","ramayana","traditional_retelling","tier_2_traditional_retelling","service","wisdom","service","ages_3_5|ages_6_8|ages_9_12","3","Inspired by devotional storytelling tradition and common oral retelling patterns; final sourcing to be reviewed.","Parent note: traditional/canonical-inspired retelling reviewed for respectful tone; verify source note before wide release.","medium","medium","high","high","public_beta","P1","needs_source_review","Index-only base concept for Sprint 39; full story writing deferred."
"BSI-0121","ramayana story seed 21","ramayana","canonical_story","tier_1_canonical_sacred","kindness","humility","kindness","ages_3_5|ages_6_8|ages_9_12","3","Conservative canonical episode framing for child-safe retelling; exact verse mapping requires reviewer confirmation.","Parent note: traditional/canonical-inspired retelling reviewed for respectful tone; verify source note before wide release.","high","high","medium","medium","later_phase","P1","needs_source_review","Index-only base concept for Sprint 39; full story writing deferred."
"BSI-0122","ramayana story seed 22","ramayana","traditional_retelling","tier_2_traditional_retelling","courage","compassion","courage","ages_3_5|ages_6_8|ages_9_12","3","Inspired by devotional storytelling tradition and common oral retelling patterns; final sourcing to be reviewed.","Parent note: traditional/canonical-inspired retelling reviewed for respectful tone; verify source note before wide release.","medium","medium","medium","medium","private_alpha","P2","needs_source_review","Index-only base concept for Sprint 39; full story writing deferred."
"BSI-0123","ramayana story seed 23","ramayana","traditional_retelling","tier_2_traditional_retelling","truth","discipline","truth","ages_3_5|ages_6_8|ages_9_12","3","Inspired by devotional storytelling tradition and common oral retelling patterns; final sourcing to be reviewed.","Parent note: traditional/canonical-inspired retelling reviewed for respectful tone; verify source note before wide release.","medium","medium","medium","medium","public_beta","P2","needs_source_review","Index-only base concept for Sprint 39; full story writing deferred."
"BSI-0124","ramayana story seed 24","ramayana","traditional_retelling","tier_2_traditional_retelling","patience","service","patience","ages_3_5|ages_6_8|ages_9_12","3","Inspired by devotional storytelling tradition and common oral retelling patterns; final sourcing to be reviewed.","Parent note: traditional/canonical-inspired retelling reviewed for respectful tone; verify source note before wide release.","medium","high","high","medium","later_phase","P2","needs_source_review","Index-only base concept for Sprint 39; full story writing deferred."
"BSI-0125","ramayana story seed 25","ramayana","traditional_retelling","tier_2_traditional_retelling","gratitude","wisdom","gratitude","ages_3_5|ages_6_8|ages_9_12","3","Inspired by devotional storytelling tradition and common oral retelling patterns; final sourcing to be reviewed.","Parent note: traditional/canonical-inspired retelling reviewed for respectful tone; verify source note before wide release.","medium","medium","medium","high","private_alpha","P3","needs_source_review","Index-only base concept for Sprint 39; full story writing deferred."
"BSI-0126","ramayana story seed 26","ramayana","traditional_retelling","tier_2_traditional_retelling","humility","humility","humility","ages_3_5|ages_6_8|ages_9_12","3","Inspired by devotional storytelling tradition and common oral retelling patterns; final sourcing to be reviewed.","Parent note: traditional/canonical-inspired retelling reviewed for respectful tone; verify source note before wide release.","medium","medium","medium","medium","public_beta","P3","needs_source_review","Index-only base concept for Sprint 39; full story writing deferred."
"BSI-0127","ramayana story seed 27","ramayana","traditional_retelling","tier_2_traditional_retelling","devotion","compassion","devotion","ages_3_5|ages_6_8|ages_9_12","3","Inspired by devotional storytelling tradition and common oral retelling patterns; final sourcing to be reviewed.","Parent note: traditional/canonical-inspired retelling reviewed for respectful tone; verify source note before wide release.","medium","high","medium","medium","later_phase","P3","needs_source_review","Index-only base concept for Sprint 39; full story writing deferred."
"BSI-0128","ramayana story seed 28","ramayana","canonical_story","tier_1_canonical_sacred","friendship","discipline","friendship","ages_3_5|ages_6_8|ages_9_12","3","Conservative canonical episode framing for child-safe retelling; exact verse mapping requires reviewer confirmation.","Parent note: traditional/canonical-inspired retelling reviewed for respectful tone; verify source note before wide release.","high","medium","high","medium","private_alpha","P3","needs_source_review","Index-only base concept for Sprint 39; full story writing deferred."
"BSI-0129","ramayana story seed 29","ramayana","traditional_retelling","tier_2_traditional_retelling","generosity","service","generosity","ages_3_5|ages_6_8|ages_9_12","3","Inspired by devotional storytelling tradition and common oral retelling patterns; final sourcing to be reviewed.","Parent note: traditional/canonical-inspired retelling reviewed for respectful tone; verify source note before wide release.","medium","medium","medium","medium","public_beta","P3","needs_source_review","Index-only base concept for Sprint 39; full story writing deferred."
"BSI-0130","ramayana story seed 30","ramayana","traditional_retelling","tier_2_traditional_retelling","focus","wisdom","focus","ages_3_5|ages_6_8|ages_9_12","3","Inspired by devotional storytelling tradition and common oral retelling patterns; final sourcing to be reviewed.","Parent note: traditional/canonical-inspired retelling reviewed for respectful tone; verify source note before wide release.","medium","high","medium","high","later_phase","P1","needs_source_review","Index-only base concept for Sprint 39; full story writing deferred."
"BSI-0131","ramayana story seed 31","ramayana","traditional_retelling","tier_2_traditional_retelling","forgiveness","humility","forgiveness","ages_3_5|ages_6_8|ages_9_12","3","Inspired by devotional storytelling tradition and common oral retelling patterns; final sourcing to be reviewed.","Parent note: traditional/canonical-inspired retelling reviewed for respectful tone; verify source note before wide release.","medium","medium","medium","medium","private_alpha","P1","needs_source_review","Index-only base concept for Sprint 39; full story writing deferred."
"BSI-0132","ramayana story seed 32","ramayana","traditional_retelling","tier_2_traditional_retelling","discipline","compassion","discipline","ages_3_5|ages_6_8|ages_9_12","3","Inspired by devotional storytelling tradition and common oral retelling patterns; final sourcing to be reviewed.","Parent note: traditional/canonical-inspired retelling reviewed for respectful tone; verify source note before wide release.","medium","medium","high","medium","public_beta","P2","needs_source_review","Index-only base concept for Sprint 39; full story writing deferred."
"BSI-0133","ramayana story seed 33","ramayana","traditional_retelling","tier_2_traditional_retelling","compassion","discipline","compassion","ages_3_5|ages_6_8|ages_9_12","3","Inspired by devotional storytelling tradition and common oral retelling patterns; final sourcing to be reviewed.","Parent note: traditional/canonical-inspired retelling reviewed for respectful tone; verify source note before wide release.","medium","high","medium","medium","later_phase","P2","needs_source_review","Index-only base concept for Sprint 39; full story writing deferred."
"BSI-0134","ramayana story seed 34","ramayana","traditional_retelling","tier_2_traditional_retelling","respect","service","respect","ages_3_5|ages_6_8|ages_9_12","3","Inspired by devotional storytelling tradition and common oral retelling patterns; final sourcing to be reviewed.","Parent note: traditional/canonical-inspired retelling reviewed for respectful tone; verify source note before wide release.","medium","medium","medium","medium","private_alpha","P2","needs_source_review","Index-only base concept for Sprint 39; full story writing deferred."
"BSI-0135","ramayana story seed 35","ramayana","canonical_story","tier_1_canonical_sacred","curiosity","wisdom","curiosity","ages_3_5|ages_6_8|ages_9_12","3","Conservative canonical episode framing for child-safe retelling; exact verse mapping requires reviewer confirmation.","Parent note: traditional/canonical-inspired retelling reviewed for respectful tone; verify source note before wide release.","high","medium","medium","high","public_beta","P3","needs_source_review","Index-only base concept for Sprint 39; full story writing deferred."
"BSI-0136","ramayana story seed 36","ramayana","traditional_retelling","tier_2_traditional_retelling","responsibility","humility","responsibility","ages_3_5|ages_6_8|ages_9_12","3","Inspired by devotional storytelling tradition and common oral retelling patterns; final sourcing to be reviewed.","Parent note: traditional/canonical-inspired retelling reviewed for respectful tone; verify source note before wide release.","medium","high","high","medium","later_phase","P3","needs_source_review","Index-only base concept for Sprint 39; full story writing deferred."
"BSI-0137","ramayana story seed 37","ramayana","traditional_retelling","tier_2_traditional_retelling","calm","compassion","calm","ages_3_5|ages_6_8|ages_9_12","3","Inspired by devotional storytelling tradition and common oral retelling patterns; final sourcing to be reviewed.","Parent note: traditional/canonical-inspired retelling reviewed for respectful tone; verify source note before wide release.","medium","medium","medium","medium","private_alpha","P3","needs_source_review","Index-only base concept for Sprint 39; full story writing deferred."
"BSI-0138","ramayana story seed 38","ramayana","traditional_retelling","tier_2_traditional_retelling","self-control","discipline","self-control","ages_3_5|ages_6_8|ages_9_12","3","Inspired by devotional storytelling tradition and common oral retelling patterns; final sourcing to be reviewed.","Parent note: traditional/canonical-inspired retelling reviewed for respectful tone; verify source note before wide release.","medium","medium","medium","medium","public_beta","P3","needs_source_review","Index-only base concept for Sprint 39; full story writing deferred."
"BSI-0139","ramayana story seed 39","ramayana","traditional_retelling","tier_2_traditional_retelling","wisdom","service","wisdom","ages_3_5|ages_6_8|ages_9_12","3","Inspired by devotional storytelling tradition and common oral retelling patterns; final sourcing to be reviewed.","Parent note: traditional/canonical-inspired retelling reviewed for respectful tone; verify source note before wide release.","medium","high","medium","medium","later_phase","P3","needs_source_review","Index-only base concept for Sprint 39; full story writing deferred."
"BSI-0140","ramayana story seed 40","ramayana","traditional_retelling","tier_2_traditional_retelling","service","wisdom","service","ages_3_5|ages_6_8|ages_9_12","3","Inspired by devotional storytelling tradition and common oral retelling patterns; final sourcing to be reviewed.","Parent note: traditional/canonical-inspired retelling reviewed for respectful tone; verify source note before wide release.","medium","medium","high","high","private_alpha","P1","needs_source_review","Index-only base concept for Sprint 39; full story writing deferred."
"BSI-0141","mahabharata story seed 1","mahabharata","traditional_retelling","tier_2_traditional_retelling","kindness","humility","kindness","ages_3_5|ages_6_8|ages_9_12","3","Inspired by devotional storytelling tradition and common oral retelling patterns; final sourcing to be reviewed.","Parent note: traditional/canonical-inspired retelling reviewed for respectful tone; verify source note before wide release.","medium","medium","medium","medium","later_phase","P1","needs_source_review","Index-only base concept for Sprint 39; full story writing deferred."
"BSI-0142","mahabharata story seed 2","mahabharata","traditional_retelling","tier_2_traditional_retelling","courage","compassion","courage","ages_3_5|ages_6_8|ages_9_12","3","Inspired by devotional storytelling tradition and common oral retelling patterns; final sourcing to be reviewed.","Parent note: traditional/canonical-inspired retelling reviewed for respectful tone; verify source note before wide release.","medium","medium","medium","medium","private_alpha","P2","needs_source_review","Index-only base concept for Sprint 39; full story writing deferred."
"BSI-0143","mahabharata story seed 3","mahabharata","traditional_retelling","tier_2_traditional_retelling","truth","discipline","truth","ages_3_5|ages_6_8|ages_9_12","3","Inspired by devotional storytelling tradition and common oral retelling patterns; final sourcing to be reviewed.","Parent note: traditional/canonical-inspired retelling reviewed for respectful tone; verify source note before wide release.","medium","high","medium","medium","public_beta","P2","needs_source_review","Index-only base concept for Sprint 39; full story writing deferred."
"BSI-0144","mahabharata story seed 4","mahabharata","traditional_retelling","tier_2_traditional_retelling","patience","service","patience","ages_3_5|ages_6_8|ages_9_12","3","Inspired by devotional storytelling tradition and common oral retelling patterns; final sourcing to be reviewed.","Parent note: traditional/canonical-inspired retelling reviewed for respectful tone; verify source note before wide release.","medium","medium","high","medium","later_phase","P2","needs_source_review","Index-only base concept for Sprint 39; full story writing deferred."
"BSI-0145","mahabharata story seed 5","mahabharata","traditional_retelling","tier_2_traditional_retelling","gratitude","wisdom","gratitude","ages_3_5|ages_6_8|ages_9_12","3","Inspired by devotional storytelling tradition and common oral retelling patterns; final sourcing to be reviewed.","Parent note: traditional/canonical-inspired retelling reviewed for respectful tone; verify source note before wide release.","medium","medium","medium","high","private_alpha","P3","needs_source_review","Index-only base concept for Sprint 39; full story writing deferred."
"BSI-0146","mahabharata story seed 6","mahabharata","traditional_retelling","tier_2_traditional_retelling","humility","humility","humility","ages_3_5|ages_6_8|ages_9_12","3","Inspired by devotional storytelling tradition and common oral retelling patterns; final sourcing to be reviewed.","Parent note: traditional/canonical-inspired retelling reviewed for respectful tone; verify source note before wide release.","medium","high","medium","medium","public_beta","P3","needs_source_review","Index-only base concept for Sprint 39; full story writing deferred."
"BSI-0147","mahabharata story seed 7","mahabharata","canonical_story","tier_1_canonical_sacred","devotion","compassion","devotion","ages_3_5|ages_6_8|ages_9_12","3","Conservative canonical episode framing for child-safe retelling; exact verse mapping requires reviewer confirmation.","Parent note: traditional/canonical-inspired retelling reviewed for respectful tone; verify source note before wide release.","high","medium","medium","medium","later_phase","P3","needs_source_review","Index-only base concept for Sprint 39; full story writing deferred."
"BSI-0148","mahabharata story seed 8","mahabharata","traditional_retelling","tier_2_traditional_retelling","friendship","discipline","friendship","ages_3_5|ages_6_8|ages_9_12","3","Inspired by devotional storytelling tradition and common oral retelling patterns; final sourcing to be reviewed.","Parent note: traditional/canonical-inspired retelling reviewed for respectful tone; verify source note before wide release.","medium","medium","high","medium","private_alpha","P3","needs_source_review","Index-only base concept for Sprint 39; full story writing deferred."
"BSI-0149","mahabharata story seed 9","mahabharata","traditional_retelling","tier_2_traditional_retelling","generosity","service","generosity","ages_3_5|ages_6_8|ages_9_12","3","Inspired by devotional storytelling tradition and common oral retelling patterns; final sourcing to be reviewed.","Parent note: traditional/canonical-inspired retelling reviewed for respectful tone; verify source note before wide release.","medium","high","medium","medium","public_beta","P3","needs_source_review","Index-only base concept for Sprint 39; full story writing deferred."
"BSI-0150","mahabharata story seed 10","mahabharata","traditional_retelling","tier_2_traditional_retelling","focus","wisdom","focus","ages_3_5|ages_6_8|ages_9_12","3","Inspired by devotional storytelling tradition and common oral retelling patterns; final sourcing to be reviewed.","Parent note: traditional/canonical-inspired retelling reviewed for respectful tone; verify source note before wide release.","medium","medium","medium","high","later_phase","P1","needs_source_review","Index-only base concept for Sprint 39; full story writing deferred."
"BSI-0151","mahabharata story seed 11","mahabharata","traditional_retelling","tier_2_traditional_retelling","forgiveness","humility","forgiveness","ages_3_5|ages_6_8|ages_9_12","3","Inspired by devotional storytelling tradition and common oral retelling patterns; final sourcing to be reviewed.","Parent note: traditional/canonical-inspired retelling reviewed for respectful tone; verify source note before wide release.","medium","medium","medium","medium","private_alpha","P1","needs_source_review","Index-only base concept for Sprint 39; full story writing deferred."
"BSI-0152","mahabharata story seed 12","mahabharata","traditional_retelling","tier_2_traditional_retelling","discipline","compassion","discipline","ages_3_5|ages_6_8|ages_9_12","3","Inspired by devotional storytelling tradition and common oral retelling patterns; final sourcing to be reviewed.","Parent note: traditional/canonical-inspired retelling reviewed for respectful tone; verify source note before wide release.","medium","high","high","medium","public_beta","P2","needs_source_review","Index-only base concept for Sprint 39; full story writing deferred."
"BSI-0153","mahabharata story seed 13","mahabharata","traditional_retelling","tier_2_traditional_retelling","compassion","discipline","compassion","ages_3_5|ages_6_8|ages_9_12","3","Inspired by devotional storytelling tradition and common oral retelling patterns; final sourcing to be reviewed.","Parent note: traditional/canonical-inspired retelling reviewed for respectful tone; verify source note before wide release.","medium","medium","medium","medium","later_phase","P2","needs_source_review","Index-only base concept for Sprint 39; full story writing deferred."
"BSI-0154","mahabharata story seed 14","mahabharata","canonical_story","tier_1_canonical_sacred","respect","service","respect","ages_3_5|ages_6_8|ages_9_12","3","Conservative canonical episode framing for child-safe retelling; exact verse mapping requires reviewer confirmation.","Parent note: traditional/canonical-inspired retelling reviewed for respectful tone; verify source note before wide release.","high","medium","medium","medium","private_alpha","P2","needs_source_review","Index-only base concept for Sprint 39; full story writing deferred."
"BSI-0155","mahabharata story seed 15","mahabharata","traditional_retelling","tier_2_traditional_retelling","curiosity","wisdom","curiosity","ages_3_5|ages_6_8|ages_9_12","3","Inspired by devotional storytelling tradition and common oral retelling patterns; final sourcing to be reviewed.","Parent note: traditional/canonical-inspired retelling reviewed for respectful tone; verify source note before wide release.","medium","high","medium","high","public_beta","P3","needs_source_review","Index-only base concept for Sprint 39; full story writing deferred."
"BSI-0156","mahabharata story seed 16","mahabharata","traditional_retelling","tier_2_traditional_retelling","responsibility","humility","responsibility","ages_3_5|ages_6_8|ages_9_12","3","Inspired by devotional storytelling tradition and common oral retelling patterns; final sourcing to be reviewed.","Parent note: traditional/canonical-inspired retelling reviewed for respectful tone; verify source note before wide release.","medium","medium","high","medium","later_phase","P3","needs_source_review","Index-only base concept for Sprint 39; full story writing deferred."
"BSI-0157","mahabharata story seed 17","mahabharata","traditional_retelling","tier_2_traditional_retelling","calm","compassion","calm","ages_3_5|ages_6_8|ages_9_12","3","Inspired by devotional storytelling tradition and common oral retelling patterns; final sourcing to be reviewed.","Parent note: traditional/canonical-inspired retelling reviewed for respectful tone; verify source note before wide release.","medium","medium","medium","medium","private_alpha","P3","needs_source_review","Index-only base concept for Sprint 39; full story writing deferred."
"BSI-0158","mahabharata story seed 18","mahabharata","traditional_retelling","tier_2_traditional_retelling","self-control","discipline","self-control","ages_3_5|ages_6_8|ages_9_12","3","Inspired by devotional storytelling tradition and common oral retelling patterns; final sourcing to be reviewed.","Parent note: traditional/canonical-inspired retelling reviewed for respectful tone; verify source note before wide release.","medium","high","medium","medium","public_beta","P3","needs_source_review","Index-only base concept for Sprint 39; full story writing deferred."
"BSI-0159","mahabharata story seed 19","mahabharata","traditional_retelling","tier_2_traditional_retelling","wisdom","service","wisdom","ages_3_5|ages_6_8|ages_9_12","3","Inspired by devotional storytelling tradition and common oral retelling patterns; final sourcing to be reviewed.","Parent note: traditional/canonical-inspired retelling reviewed for respectful tone; verify source note before wide release.","medium","medium","medium","medium","later_phase","P3","needs_source_review","Index-only base concept for Sprint 39; full story writing deferred."
"BSI-0160","mahabharata story seed 20","mahabharata","traditional_retelling","tier_2_traditional_retelling","service","wisdom","service","ages_3_5|ages_6_8|ages_9_12","3","Inspired by devotional storytelling tradition and common oral retelling patterns; final sourcing to be reviewed.","Parent note: traditional/canonical-inspired retelling reviewed for respectful tone; verify source note before wide release.","medium","medium","high","high","private_alpha","P1","needs_source_review","Index-only base concept for Sprint 39; full story writing deferred."
"BSI-0161","mahabharata story seed 21","mahabharata","canonical_story","tier_1_canonical_sacred","kindness","humility","kindness","ages_3_5|ages_6_8|ages_9_12","3","Conservative canonical episode framing for child-safe retelling; exact verse mapping requires reviewer confirmation.","Parent note: traditional/canonical-inspired retelling reviewed for respectful tone; verify source note before wide release.","high","high","medium","medium","public_beta","P1","needs_source_review","Index-only base concept for Sprint 39; full story writing deferred."
"BSI-0162","mahabharata story seed 22","mahabharata","traditional_retelling","tier_2_traditional_retelling","courage","compassion","courage","ages_3_5|ages_6_8|ages_9_12","3","Inspired by devotional storytelling tradition and common oral retelling patterns; final sourcing to be reviewed.","Parent note: traditional/canonical-inspired retelling reviewed for respectful tone; verify source note before wide release.","medium","medium","medium","medium","later_phase","P2","needs_source_review","Index-only base concept for Sprint 39; full story writing deferred."
"BSI-0163","mahabharata story seed 23","mahabharata","traditional_retelling","tier_2_traditional_retelling","truth","discipline","truth","ages_3_5|ages_6_8|ages_9_12","3","Inspired by devotional storytelling tradition and common oral retelling patterns; final sourcing to be reviewed.","Parent note: traditional/canonical-inspired retelling reviewed for respectful tone; verify source note before wide release.","medium","medium","medium","medium","private_alpha","P2","needs_source_review","Index-only base concept for Sprint 39; full story writing deferred."
"BSI-0164","mahabharata story seed 24","mahabharata","traditional_retelling","tier_2_traditional_retelling","patience","service","patience","ages_3_5|ages_6_8|ages_9_12","3","Inspired by devotional storytelling tradition and common oral retelling patterns; final sourcing to be reviewed.","Parent note: traditional/canonical-inspired retelling reviewed for respectful tone; verify source note before wide release.","medium","high","high","medium","public_beta","P2","needs_source_review","Index-only base concept for Sprint 39; full story writing deferred."
"BSI-0165","mahabharata story seed 25","mahabharata","traditional_retelling","tier_2_traditional_retelling","gratitude","wisdom","gratitude","ages_3_5|ages_6_8|ages_9_12","3","Inspired by devotional storytelling tradition and common oral retelling patterns; final sourcing to be reviewed.","Parent note: traditional/canonical-inspired retelling reviewed for respectful tone; verify source note before wide release.","medium","medium","medium","high","later_phase","P3","needs_source_review","Index-only base concept for Sprint 39; full story writing deferred."
"BSI-0166","mahabharata story seed 26","mahabharata","traditional_retelling","tier_2_traditional_retelling","humility","humility","humility","ages_3_5|ages_6_8|ages_9_12","3","Inspired by devotional storytelling tradition and common oral retelling patterns; final sourcing to be reviewed.","Parent note: traditional/canonical-inspired retelling reviewed for respectful tone; verify source note before wide release.","medium","medium","medium","medium","private_alpha","P3","needs_source_review","Index-only base concept for Sprint 39; full story writing deferred."
"BSI-0167","mahabharata story seed 27","mahabharata","traditional_retelling","tier_2_traditional_retelling","devotion","compassion","devotion","ages_3_5|ages_6_8|ages_9_12","3","Inspired by devotional storytelling tradition and common oral retelling patterns; final sourcing to be reviewed.","Parent note: traditional/canonical-inspired retelling reviewed for respectful tone; verify source note before wide release.","medium","high","medium","medium","public_beta","P3","needs_source_review","Index-only base concept for Sprint 39; full story writing deferred."
"BSI-0168","mahabharata story seed 28","mahabharata","canonical_story","tier_1_canonical_sacred","friendship","discipline","friendship","ages_3_5|ages_6_8|ages_9_12","3","Conservative canonical episode framing for child-safe retelling; exact verse mapping requires reviewer confirmation.","Parent note: traditional/canonical-inspired retelling reviewed for respectful tone; verify source note before wide release.","high","medium","high","medium","later_phase","P3","needs_source_review","Index-only base concept for Sprint 39; full story writing deferred."
"BSI-0169","mahabharata story seed 29","mahabharata","traditional_retelling","tier_2_traditional_retelling","generosity","service","generosity","ages_3_5|ages_6_8|ages_9_12","3","Inspired by devotional storytelling tradition and common oral retelling patterns; final sourcing to be reviewed.","Parent note: traditional/canonical-inspired retelling reviewed for respectful tone; verify source note before wide release.","medium","medium","medium","medium","private_alpha","P3","needs_source_review","Index-only base concept for Sprint 39; full story writing deferred."
"BSI-0170","mahabharata story seed 30","mahabharata","traditional_retelling","tier_2_traditional_retelling","focus","wisdom","focus","ages_3_5|ages_6_8|ages_9_12","3","Inspired by devotional storytelling tradition and common oral retelling patterns; final sourcing to be reviewed.","Parent note: traditional/canonical-inspired retelling reviewed for respectful tone; verify source note before wide release.","medium","high","medium","high","public_beta","P1","needs_source_review","Index-only base concept for Sprint 39; full story writing deferred."
"BSI-0171","mahabharata story seed 31","mahabharata","traditional_retelling","tier_2_traditional_retelling","forgiveness","humility","forgiveness","ages_3_5|ages_6_8|ages_9_12","3","Inspired by devotional storytelling tradition and common oral retelling patterns; final sourcing to be reviewed.","Parent note: traditional/canonical-inspired retelling reviewed for respectful tone; verify source note before wide release.","medium","medium","medium","medium","later_phase","P1","needs_source_review","Index-only base concept for Sprint 39; full story writing deferred."
"BSI-0172","mahabharata story seed 32","mahabharata","traditional_retelling","tier_2_traditional_retelling","discipline","compassion","discipline","ages_3_5|ages_6_8|ages_9_12","3","Inspired by devotional storytelling tradition and common oral retelling patterns; final sourcing to be reviewed.","Parent note: traditional/canonical-inspired retelling reviewed for respectful tone; verify source note before wide release.","medium","medium","high","medium","private_alpha","P2","needs_source_review","Index-only base concept for Sprint 39; full story writing deferred."
"BSI-0173","mahabharata story seed 33","mahabharata","traditional_retelling","tier_2_traditional_retelling","compassion","discipline","compassion","ages_3_5|ages_6_8|ages_9_12","3","Inspired by devotional storytelling tradition and common oral retelling patterns; final sourcing to be reviewed.","Parent note: traditional/canonical-inspired retelling reviewed for respectful tone; verify source note before wide release.","medium","high","medium","medium","public_beta","P2","needs_source_review","Index-only base concept for Sprint 39; full story writing deferred."
"BSI-0174","mahabharata story seed 34","mahabharata","traditional_retelling","tier_2_traditional_retelling","respect","service","respect","ages_3_5|ages_6_8|ages_9_12","3","Inspired by devotional storytelling tradition and common oral retelling patterns; final sourcing to be reviewed.","Parent note: traditional/canonical-inspired retelling reviewed for respectful tone; verify source note before wide release.","medium","medium","medium","medium","later_phase","P2","needs_source_review","Index-only base concept for Sprint 39; full story writing deferred."
"BSI-0175","mahabharata story seed 35","mahabharata","canonical_story","tier_1_canonical_sacred","curiosity","wisdom","curiosity","ages_3_5|ages_6_8|ages_9_12","3","Conservative canonical episode framing for child-safe retelling; exact verse mapping requires reviewer confirmation.","Parent note: traditional/canonical-inspired retelling reviewed for respectful tone; verify source note before wide release.","high","medium","medium","high","private_alpha","P3","needs_source_review","Index-only base concept for Sprint 39; full story writing deferred."
"BSI-0176","mahabharata story seed 36","mahabharata","traditional_retelling","tier_2_traditional_retelling","responsibility","humility","responsibility","ages_3_5|ages_6_8|ages_9_12","3","Inspired by devotional storytelling tradition and common oral retelling patterns; final sourcing to be reviewed.","Parent note: traditional/canonical-inspired retelling reviewed for respectful tone; verify source note before wide release.","medium","high","high","medium","public_beta","P3","needs_source_review","Index-only base concept for Sprint 39; full story writing deferred."
"BSI-0177","mahabharata story seed 37","mahabharata","traditional_retelling","tier_2_traditional_retelling","calm","compassion","calm","ages_3_5|ages_6_8|ages_9_12","3","Inspired by devotional storytelling tradition and common oral retelling patterns; final sourcing to be reviewed.","Parent note: traditional/canonical-inspired retelling reviewed for respectful tone; verify source note before wide release.","medium","medium","medium","medium","later_phase","P3","needs_source_review","Index-only base concept for Sprint 39; full story writing deferred."
"BSI-0178","mahabharata story seed 38","mahabharata","traditional_retelling","tier_2_traditional_retelling","self-control","discipline","self-control","ages_3_5|ages_6_8|ages_9_12","3","Inspired by devotional storytelling tradition and common oral retelling patterns; final sourcing to be reviewed.","Parent note: traditional/canonical-inspired retelling reviewed for respectful tone; verify source note before wide release.","medium","medium","medium","medium","private_alpha","P3","needs_source_review","Index-only base concept for Sprint 39; full story writing deferred."
"BSI-0179","mahabharata story seed 39","mahabharata","traditional_retelling","tier_2_traditional_retelling","wisdom","service","wisdom","ages_3_5|ages_6_8|ages_9_12","3","Inspired by devotional storytelling tradition and common oral retelling patterns; final sourcing to be reviewed.","Parent note: traditional/canonical-inspired retelling reviewed for respectful tone; verify source note before wide release.","medium","high","medium","medium","public_beta","P3","needs_source_review","Index-only base concept for Sprint 39; full story writing deferred."
"BSI-0180","mahabharata story seed 40","mahabharata","traditional_retelling","tier_2_traditional_retelling","service","wisdom","service","ages_3_5|ages_6_8|ages_9_12","3","Inspired by devotional storytelling tradition and common oral retelling patterns; final sourcing to be reviewed.","Parent note: traditional/canonical-inspired retelling reviewed for respectful tone; verify source note before wide release.","medium","medium","high","high","later_phase","P1","needs_source_review","Index-only base concept for Sprint 39; full story writing deferred."
"BSI-0181","shiva parvati story seed 1","shiva_parvati","traditional_retelling","tier_2_traditional_retelling","kindness","humility","kindness","ages_3_5|ages_6_8|ages_9_12","3","Inspired by devotional storytelling tradition and common oral retelling patterns; final sourcing to be reviewed.","Parent note: traditional/canonical-inspired retelling reviewed for respectful tone; verify source note before wide release.","medium","medium","medium","medium","public_beta","P1","needs_source_review","Index-only base concept for Sprint 39; full story writing deferred."
"BSI-0182","shiva parvati story seed 2","shiva_parvati","traditional_retelling","tier_2_traditional_retelling","courage","compassion","courage","ages_3_5|ages_6_8|ages_9_12","3","Inspired by devotional storytelling tradition and common oral retelling patterns; final sourcing to be reviewed.","Parent note: traditional/canonical-inspired retelling reviewed for respectful tone; verify source note before wide release.","medium","medium","medium","medium","later_phase","P2","needs_source_review","Index-only base concept for Sprint 39; full story writing deferred."
"BSI-0183","shiva parvati story seed 3","shiva_parvati","traditional_retelling","tier_2_traditional_retelling","truth","discipline","truth","ages_3_5|ages_6_8|ages_9_12","3","Inspired by devotional storytelling tradition and common oral retelling patterns; final sourcing to be reviewed.","Parent note: traditional/canonical-inspired retelling reviewed for respectful tone; verify source note before wide release.","medium","high","medium","medium","private_alpha","P2","needs_source_review","Index-only base concept for Sprint 39; full story writing deferred."
"BSI-0184","shiva parvati story seed 4","shiva_parvati","traditional_retelling","tier_2_traditional_retelling","patience","service","patience","ages_3_5|ages_6_8|ages_9_12","3","Inspired by devotional storytelling tradition and common oral retelling patterns; final sourcing to be reviewed.","Parent note: traditional/canonical-inspired retelling reviewed for respectful tone; verify source note before wide release.","medium","medium","high","medium","public_beta","P2","needs_source_review","Index-only base concept for Sprint 39; full story writing deferred."
"BSI-0185","shiva parvati story seed 5","shiva_parvati","traditional_retelling","tier_2_traditional_retelling","gratitude","wisdom","gratitude","ages_3_5|ages_6_8|ages_9_12","3","Inspired by devotional storytelling tradition and common oral retelling patterns; final sourcing to be reviewed.","Parent note: traditional/canonical-inspired retelling reviewed for respectful tone; verify source note before wide release.","medium","medium","medium","high","later_phase","P3","needs_source_review","Index-only base concept for Sprint 39; full story writing deferred."
"BSI-0186","shiva parvati story seed 6","shiva_parvati","traditional_retelling","tier_2_traditional_retelling","humility","humility","humility","ages_3_5|ages_6_8|ages_9_12","3","Inspired by devotional storytelling tradition and common oral retelling patterns; final sourcing to be reviewed.","Parent note: traditional/canonical-inspired retelling reviewed for respectful tone; verify source note before wide release.","medium","high","medium","medium","private_alpha","P3","needs_source_review","Index-only base concept for Sprint 39; full story writing deferred."
"BSI-0187","shiva parvati story seed 7","shiva_parvati","canonical_story","tier_1_canonical_sacred","devotion","compassion","devotion","ages_3_5|ages_6_8|ages_9_12","3","Conservative canonical episode framing for child-safe retelling; exact verse mapping requires reviewer confirmation.","Parent note: traditional/canonical-inspired retelling reviewed for respectful tone; verify source note before wide release.","high","medium","medium","medium","public_beta","P3","needs_source_review","Index-only base concept for Sprint 39; full story writing deferred."
"BSI-0188","shiva parvati story seed 8","shiva_parvati","traditional_retelling","tier_2_traditional_retelling","friendship","discipline","friendship","ages_3_5|ages_6_8|ages_9_12","3","Inspired by devotional storytelling tradition and common oral retelling patterns; final sourcing to be reviewed.","Parent note: traditional/canonical-inspired retelling reviewed for respectful tone; verify source note before wide release.","medium","medium","high","medium","later_phase","P3","needs_source_review","Index-only base concept for Sprint 39; full story writing deferred."
"BSI-0189","shiva parvati story seed 9","shiva_parvati","traditional_retelling","tier_2_traditional_retelling","generosity","service","generosity","ages_3_5|ages_6_8|ages_9_12","3","Inspired by devotional storytelling tradition and common oral retelling patterns; final sourcing to be reviewed.","Parent note: traditional/canonical-inspired retelling reviewed for respectful tone; verify source note before wide release.","medium","high","medium","medium","private_alpha","P3","needs_source_review","Index-only base concept for Sprint 39; full story writing deferred."
"BSI-0190","shiva parvati story seed 10","shiva_parvati","traditional_retelling","tier_2_traditional_retelling","focus","wisdom","focus","ages_3_5|ages_6_8|ages_9_12","3","Inspired by devotional storytelling tradition and common oral retelling patterns; final sourcing to be reviewed.","Parent note: traditional/canonical-inspired retelling reviewed for respectful tone; verify source note before wide release.","medium","medium","medium","high","public_beta","P1","needs_source_review","Index-only base concept for Sprint 39; full story writing deferred."
"BSI-0191","shiva parvati story seed 11","shiva_parvati","traditional_retelling","tier_2_traditional_retelling","forgiveness","humility","forgiveness","ages_3_5|ages_6_8|ages_9_12","3","Inspired by devotional storytelling tradition and common oral retelling patterns; final sourcing to be reviewed.","Parent note: traditional/canonical-inspired retelling reviewed for respectful tone; verify source note before wide release.","medium","medium","medium","medium","later_phase","P1","needs_source_review","Index-only base concept for Sprint 39; full story writing deferred."
"BSI-0192","shiva parvati story seed 12","shiva_parvati","traditional_retelling","tier_2_traditional_retelling","discipline","compassion","discipline","ages_3_5|ages_6_8|ages_9_12","3","Inspired by devotional storytelling tradition and common oral retelling patterns; final sourcing to be reviewed.","Parent note: traditional/canonical-inspired retelling reviewed for respectful tone; verify source note before wide release.","medium","high","high","medium","private_alpha","P2","needs_source_review","Index-only base concept for Sprint 39; full story writing deferred."
"BSI-0193","shiva parvati story seed 13","shiva_parvati","traditional_retelling","tier_2_traditional_retelling","compassion","discipline","compassion","ages_3_5|ages_6_8|ages_9_12","3","Inspired by devotional storytelling tradition and common oral retelling patterns; final sourcing to be reviewed.","Parent note: traditional/canonical-inspired retelling reviewed for respectful tone; verify source note before wide release.","medium","medium","medium","medium","public_beta","P2","needs_source_review","Index-only base concept for Sprint 39; full story writing deferred."
"BSI-0194","shiva parvati story seed 14","shiva_parvati","canonical_story","tier_1_canonical_sacred","respect","service","respect","ages_3_5|ages_6_8|ages_9_12","3","Conservative canonical episode framing for child-safe retelling; exact verse mapping requires reviewer confirmation.","Parent note: traditional/canonical-inspired retelling reviewed for respectful tone; verify source note before wide release.","high","medium","medium","medium","later_phase","P2","needs_source_review","Index-only base concept for Sprint 39; full story writing deferred."
"BSI-0195","shiva parvati story seed 15","shiva_parvati","traditional_retelling","tier_2_traditional_retelling","curiosity","wisdom","curiosity","ages_3_5|ages_6_8|ages_9_12","3","Inspired by devotional storytelling tradition and common oral retelling patterns; final sourcing to be reviewed.","Parent note: traditional/canonical-inspired retelling reviewed for respectful tone; verify source note before wide release.","medium","high","medium","high","private_alpha","P3","needs_source_review","Index-only base concept for Sprint 39; full story writing deferred."
"BSI-0196","shiva parvati story seed 16","shiva_parvati","traditional_retelling","tier_2_traditional_retelling","responsibility","humility","responsibility","ages_3_5|ages_6_8|ages_9_12","3","Inspired by devotional storytelling tradition and common oral retelling patterns; final sourcing to be reviewed.","Parent note: traditional/canonical-inspired retelling reviewed for respectful tone; verify source note before wide release.","medium","medium","high","medium","public_beta","P3","needs_source_review","Index-only base concept for Sprint 39; full story writing deferred."
"BSI-0197","shiva parvati story seed 17","shiva_parvati","traditional_retelling","tier_2_traditional_retelling","calm","compassion","calm","ages_3_5|ages_6_8|ages_9_12","3","Inspired by devotional storytelling tradition and common oral retelling patterns; final sourcing to be reviewed.","Parent note: traditional/canonical-inspired retelling reviewed for respectful tone; verify source note before wide release.","medium","medium","medium","medium","later_phase","P3","needs_source_review","Index-only base concept for Sprint 39; full story writing deferred."
"BSI-0198","shiva parvati story seed 18","shiva_parvati","traditional_retelling","tier_2_traditional_retelling","self-control","discipline","self-control","ages_3_5|ages_6_8|ages_9_12","3","Inspired by devotional storytelling tradition and common oral retelling patterns; final sourcing to be reviewed.","Parent note: traditional/canonical-inspired retelling reviewed for respectful tone; verify source note before wide release.","medium","high","medium","medium","private_alpha","P3","needs_source_review","Index-only base concept for Sprint 39; full story writing deferred."
"BSI-0199","shiva parvati story seed 19","shiva_parvati","traditional_retelling","tier_2_traditional_retelling","wisdom","service","wisdom","ages_3_5|ages_6_8|ages_9_12","3","Inspired by devotional storytelling tradition and common oral retelling patterns; final sourcing to be reviewed.","Parent note: traditional/canonical-inspired retelling reviewed for respectful tone; verify source note before wide release.","medium","medium","medium","medium","public_beta","P3","needs_source_review","Index-only base concept for Sprint 39; full story writing deferred."
"BSI-0200","shiva parvati story seed 20","shiva_parvati","traditional_retelling","tier_2_traditional_retelling","service","wisdom","service","ages_3_5|ages_6_8|ages_9_12","3","Inspired by devotional storytelling tradition and common oral retelling patterns; final sourcing to be reviewed.","Parent note: traditional/canonical-inspired retelling reviewed for respectful tone; verify source note before wide release.","medium","medium","high","high","later_phase","P1","needs_source_review","Index-only base concept for Sprint 39; full story writing deferred."
"BSI-0201","shiva parvati story seed 21","shiva_parvati","canonical_story","tier_1_canonical_sacred","kindness","humility","kindness","ages_3_5|ages_6_8|ages_9_12","3","Conservative canonical episode framing for child-safe retelling; exact verse mapping requires reviewer confirmation.","Parent note: traditional/canonical-inspired retelling reviewed for respectful tone; verify source note before wide release.","high","high","medium","medium","private_alpha","P1","needs_source_review","Index-only base concept for Sprint 39; full story writing deferred."
"BSI-0202","shiva parvati story seed 22","shiva_parvati","traditional_retelling","tier_2_traditional_retelling","courage","compassion","courage","ages_3_5|ages_6_8|ages_9_12","3","Inspired by devotional storytelling tradition and common oral retelling patterns; final sourcing to be reviewed.","Parent note: traditional/canonical-inspired retelling reviewed for respectful tone; verify source note before wide release.","medium","medium","medium","medium","public_beta","P2","needs_source_review","Index-only base concept for Sprint 39; full story writing deferred."
"BSI-0203","shiva parvati story seed 23","shiva_parvati","traditional_retelling","tier_2_traditional_retelling","truth","discipline","truth","ages_3_5|ages_6_8|ages_9_12","3","Inspired by devotional storytelling tradition and common oral retelling patterns; final sourcing to be reviewed.","Parent note: traditional/canonical-inspired retelling reviewed for respectful tone; verify source note before wide release.","medium","medium","medium","medium","later_phase","P2","needs_source_review","Index-only base concept for Sprint 39; full story writing deferred."
"BSI-0204","shiva parvati story seed 24","shiva_parvati","traditional_retelling","tier_2_traditional_retelling","patience","service","patience","ages_3_5|ages_6_8|ages_9_12","3","Inspired by devotional storytelling tradition and common oral retelling patterns; final sourcing to be reviewed.","Parent note: traditional/canonical-inspired retelling reviewed for respectful tone; verify source note before wide release.","medium","high","high","medium","private_alpha","P2","needs_source_review","Index-only base concept for Sprint 39; full story writing deferred."
"BSI-0205","shiva parvati story seed 25","shiva_parvati","traditional_retelling","tier_2_traditional_retelling","gratitude","wisdom","gratitude","ages_3_5|ages_6_8|ages_9_12","3","Inspired by devotional storytelling tradition and common oral retelling patterns; final sourcing to be reviewed.","Parent note: traditional/canonical-inspired retelling reviewed for respectful tone; verify source note before wide release.","medium","medium","medium","high","public_beta","P3","needs_source_review","Index-only base concept for Sprint 39; full story writing deferred."
"BSI-0206","devi shakti story seed 1","devi_shakti","traditional_retelling","tier_2_traditional_retelling","humility","calm","humility","ages_3_5|ages_6_8|ages_9_12","3","Inspired by devotional storytelling tradition and common oral retelling patterns; final sourcing to be reviewed.","Parent note: traditional/canonical-inspired retelling reviewed for respectful tone; verify source note before wide release.","medium","medium","medium","medium","paid_v1","P1","needs_source_review","Index-only base concept for Sprint 39; full story writing deferred."
"BSI-0207","devi shakti story seed 2","devi_shakti","traditional_retelling","tier_2_traditional_retelling","devotion","friendship","devotion","ages_3_5|ages_6_8|ages_9_12","3","Inspired by devotional storytelling tradition and common oral retelling patterns; final sourcing to be reviewed.","Parent note: traditional/canonical-inspired retelling reviewed for respectful tone; verify source note before wide release.","medium","medium","medium","medium","long_term_moat","P2","needs_source_review","Index-only base concept for Sprint 39; full story writing deferred."
"BSI-0208","devi shakti story seed 3","devi_shakti","traditional_retelling","tier_2_traditional_retelling","friendship","gratitude","friendship","ages_3_5|ages_6_8|ages_9_12","3","Inspired by devotional storytelling tradition and common oral retelling patterns; final sourcing to be reviewed.","Parent note: traditional/canonical-inspired retelling reviewed for respectful tone; verify source note before wide release.","medium","high","medium","medium","private_beta","P2","needs_source_review","Index-only base concept for Sprint 39; full story writing deferred."
"BSI-0209","devi shakti story seed 4","devi_shakti","traditional_retelling","tier_2_traditional_retelling","generosity","focus","generosity","ages_3_5|ages_6_8|ages_9_12","3","Inspired by devotional storytelling tradition and common oral retelling patterns; final sourcing to be reviewed.","Parent note: traditional/canonical-inspired retelling reviewed for respectful tone; verify source note before wide release.","medium","medium","high","medium","paid_v1","P2","needs_source_review","Index-only base concept for Sprint 39; full story writing deferred."
"BSI-0210","devi shakti story seed 5","devi_shakti","traditional_retelling","tier_2_traditional_retelling","focus","respect","focus","ages_3_5|ages_6_8|ages_9_12","3","Inspired by devotional storytelling tradition and common oral retelling patterns; final sourcing to be reviewed.","Parent note: traditional/canonical-inspired retelling reviewed for respectful tone; verify source note before wide release.","medium","medium","medium","high","long_term_moat","P3","needs_source_review","Index-only base concept for Sprint 39; full story writing deferred."
"BSI-0211","devi shakti story seed 6","devi_shakti","traditional_retelling","tier_2_traditional_retelling","forgiveness","calm","forgiveness","ages_3_5|ages_6_8|ages_9_12","3","Inspired by devotional storytelling tradition and common oral retelling patterns; final sourcing to be reviewed.","Parent note: traditional/canonical-inspired retelling reviewed for respectful tone; verify source note before wide release.","medium","high","medium","medium","private_beta","P3","needs_source_review","Index-only base concept for Sprint 39; full story writing deferred."
"BSI-0212","devi shakti story seed 7","devi_shakti","canonical_story","tier_1_canonical_sacred","discipline","friendship","discipline","ages_3_5|ages_6_8|ages_9_12","3","Conservative canonical episode framing for child-safe retelling; exact verse mapping requires reviewer confirmation.","Parent note: traditional/canonical-inspired retelling reviewed for respectful tone; verify source note before wide release.","high","medium","medium","medium","paid_v1","P3","needs_source_review","Index-only base concept for Sprint 39; full story writing deferred."
"BSI-0213","devi shakti story seed 8","devi_shakti","traditional_retelling","tier_2_traditional_retelling","compassion","gratitude","compassion","ages_3_5|ages_6_8|ages_9_12","3","Inspired by devotional storytelling tradition and common oral retelling patterns; final sourcing to be reviewed.","Parent note: traditional/canonical-inspired retelling reviewed for respectful tone; verify source note before wide release.","medium","medium","high","medium","long_term_moat","P3","needs_source_review","Index-only base concept for Sprint 39; full story writing deferred."
"BSI-0214","devi shakti story seed 9","devi_shakti","traditional_retelling","tier_2_traditional_retelling","respect","focus","respect","ages_3_5|ages_6_8|ages_9_12","3","Inspired by devotional storytelling tradition and common oral retelling patterns; final sourcing to be reviewed.","Parent note: traditional/canonical-inspired retelling reviewed for respectful tone; verify source note before wide release.","medium","high","medium","medium","private_beta","P3","needs_source_review","Index-only base concept for Sprint 39; full story writing deferred."
"BSI-0215","devi shakti story seed 10","devi_shakti","traditional_retelling","tier_2_traditional_retelling","curiosity","respect","curiosity","ages_3_5|ages_6_8|ages_9_12","3","Inspired by devotional storytelling tradition and common oral retelling patterns; final sourcing to be reviewed.","Parent note: traditional/canonical-inspired retelling reviewed for respectful tone; verify source note before wide release.","medium","medium","medium","high","paid_v1","P1","needs_source_review","Index-only base concept for Sprint 39; full story writing deferred."
"BSI-0216","devi shakti story seed 11","devi_shakti","traditional_retelling","tier_2_traditional_retelling","responsibility","calm","responsibility","ages_3_5|ages_6_8|ages_9_12","3","Inspired by devotional storytelling tradition and common oral retelling patterns; final sourcing to be reviewed.","Parent note: traditional/canonical-inspired retelling reviewed for respectful tone; verify source note before wide release.","medium","medium","medium","medium","long_term_moat","P1","needs_source_review","Index-only base concept for Sprint 39; full story writing deferred."
"BSI-0217","devi shakti story seed 12","devi_shakti","traditional_retelling","tier_2_traditional_retelling","calm","friendship","calm","ages_3_5|ages_6_8|ages_9_12","3","Inspired by devotional storytelling tradition and common oral retelling patterns; final sourcing to be reviewed.","Parent note: traditional/canonical-inspired retelling reviewed for respectful tone; verify source note before wide release.","medium","high","high","medium","private_beta","P2","needs_source_review","Index-only base concept for Sprint 39; full story writing deferred."
"BSI-0218","devi shakti story seed 13","devi_shakti","traditional_retelling","tier_2_traditional_retelling","self-control","gratitude","self-control","ages_3_5|ages_6_8|ages_9_12","3","Inspired by devotional storytelling tradition and common oral retelling patterns; final sourcing to be reviewed.","Parent note: traditional/canonical-inspired retelling reviewed for respectful tone; verify source note before wide release.","medium","medium","medium","medium","paid_v1","P2","needs_source_review","Index-only base concept for Sprint 39; full story writing deferred."
"BSI-0219","devi shakti story seed 14","devi_shakti","canonical_story","tier_1_canonical_sacred","wisdom","focus","wisdom","ages_3_5|ages_6_8|ages_9_12","3","Conservative canonical episode framing for child-safe retelling; exact verse mapping requires reviewer confirmation.","Parent note: traditional/canonical-inspired retelling reviewed for respectful tone; verify source note before wide release.","high","medium","medium","medium","long_term_moat","P2","needs_source_review","Index-only base concept for Sprint 39; full story writing deferred."
"BSI-0220","devi shakti story seed 15","devi_shakti","traditional_retelling","tier_2_traditional_retelling","service","respect","service","ages_3_5|ages_6_8|ages_9_12","3","Inspired by devotional storytelling tradition and common oral retelling patterns; final sourcing to be reviewed.","Parent note: traditional/canonical-inspired retelling reviewed for respectful tone; verify source note before wide release.","medium","high","medium","high","private_beta","P3","needs_source_review","Index-only base concept for Sprint 39; full story writing deferred."
"BSI-0221","devi shakti story seed 16","devi_shakti","traditional_retelling","tier_2_traditional_retelling","kindness","calm","kindness","ages_3_5|ages_6_8|ages_9_12","3","Inspired by devotional storytelling tradition and common oral retelling patterns; final sourcing to be reviewed.","Parent note: traditional/canonical-inspired retelling reviewed for respectful tone; verify source note before wide release.","medium","medium","high","medium","paid_v1","P3","needs_source_review","Index-only base concept for Sprint 39; full story writing deferred."
"BSI-0222","devi shakti story seed 17","devi_shakti","traditional_retelling","tier_2_traditional_retelling","courage","friendship","courage","ages_3_5|ages_6_8|ages_9_12","3","Inspired by devotional storytelling tradition and common oral retelling patterns; final sourcing to be reviewed.","Parent note: traditional/canonical-inspired retelling reviewed for respectful tone; verify source note before wide release.","medium","medium","medium","medium","long_term_moat","P3","needs_source_review","Index-only base concept for Sprint 39; full story writing deferred."
"BSI-0223","devi shakti story seed 18","devi_shakti","traditional_retelling","tier_2_traditional_retelling","truth","gratitude","truth","ages_3_5|ages_6_8|ages_9_12","3","Inspired by devotional storytelling tradition and common oral retelling patterns; final sourcing to be reviewed.","Parent note: traditional/canonical-inspired retelling reviewed for respectful tone; verify source note before wide release.","medium","high","medium","medium","private_beta","P3","needs_source_review","Index-only base concept for Sprint 39; full story writing deferred."
"BSI-0224","devi shakti story seed 19","devi_shakti","traditional_retelling","tier_2_traditional_retelling","patience","focus","patience","ages_3_5|ages_6_8|ages_9_12","3","Inspired by devotional storytelling tradition and common oral retelling patterns; final sourcing to be reviewed.","Parent note: traditional/canonical-inspired retelling reviewed for respectful tone; verify source note before wide release.","medium","medium","medium","medium","paid_v1","P3","needs_source_review","Index-only base concept for Sprint 39; full story writing deferred."
"BSI-0225","devi shakti story seed 20","devi_shakti","traditional_retelling","tier_2_traditional_retelling","gratitude","respect","gratitude","ages_3_5|ages_6_8|ages_9_12","3","Inspired by devotional storytelling tradition and common oral retelling patterns; final sourcing to be reviewed.","Parent note: traditional/canonical-inspired retelling reviewed for respectful tone; verify source note before wide release.","medium","medium","high","high","long_term_moat","P1","needs_source_review","Index-only base concept for Sprint 39; full story writing deferred."
"BSI-0226","devi shakti story seed 21","devi_shakti","canonical_story","tier_1_canonical_sacred","humility","calm","humility","ages_3_5|ages_6_8|ages_9_12","3","Conservative canonical episode framing for child-safe retelling; exact verse mapping requires reviewer confirmation.","Parent note: traditional/canonical-inspired retelling reviewed for respectful tone; verify source note before wide release.","high","high","medium","medium","private_beta","P1","needs_source_review","Index-only base concept for Sprint 39; full story writing deferred."
"BSI-0227","devi shakti story seed 22","devi_shakti","traditional_retelling","tier_2_traditional_retelling","devotion","friendship","devotion","ages_3_5|ages_6_8|ages_9_12","3","Inspired by devotional storytelling tradition and common oral retelling patterns; final sourcing to be reviewed.","Parent note: traditional/canonical-inspired retelling reviewed for respectful tone; verify source note before wide release.","medium","medium","medium","medium","paid_v1","P2","needs_source_review","Index-only base concept for Sprint 39; full story writing deferred."
"BSI-0228","devi shakti story seed 23","devi_shakti","traditional_retelling","tier_2_traditional_retelling","friendship","gratitude","friendship","ages_3_5|ages_6_8|ages_9_12","3","Inspired by devotional storytelling tradition and common oral retelling patterns; final sourcing to be reviewed.","Parent note: traditional/canonical-inspired retelling reviewed for respectful tone; verify source note before wide release.","medium","medium","medium","medium","long_term_moat","P2","needs_source_review","Index-only base concept for Sprint 39; full story writing deferred."
"BSI-0229","devi shakti story seed 24","devi_shakti","traditional_retelling","tier_2_traditional_retelling","generosity","focus","generosity","ages_3_5|ages_6_8|ages_9_12","3","Inspired by devotional storytelling tradition and common oral retelling patterns; final sourcing to be reviewed.","Parent note: traditional/canonical-inspired retelling reviewed for respectful tone; verify source note before wide release.","medium","high","high","medium","private_beta","P2","needs_source_review","Index-only base concept for Sprint 39; full story writing deferred."
"BSI-0230","devi shakti story seed 25","devi_shakti","traditional_retelling","tier_2_traditional_retelling","focus","respect","focus","ages_3_5|ages_6_8|ages_9_12","3","Inspired by devotional storytelling tradition and common oral retelling patterns; final sourcing to be reviewed.","Parent note: traditional/canonical-inspired retelling reviewed for respectful tone; verify source note before wide release.","medium","medium","medium","high","paid_v1","P3","needs_source_review","Index-only base concept for Sprint 39; full story writing deferred."
"BSI-0231","saraswati story seed 1","saraswati","traditional_retelling","tier_2_traditional_retelling","forgiveness","humility","forgiveness","ages_3_5|ages_6_8|ages_9_12","3","Inspired by devotional storytelling tradition and common oral retelling patterns; final sourcing to be reviewed.","Parent note: traditional/canonical-inspired retelling reviewed for respectful tone; verify source note before wide release.","medium","medium","medium","medium","later_phase","P1","needs_source_review","Index-only base concept for Sprint 39; full story writing deferred."
"BSI-0232","saraswati story seed 2","saraswati","traditional_retelling","tier_2_traditional_retelling","discipline","compassion","discipline","ages_3_5|ages_6_8|ages_9_12","3","Inspired by devotional storytelling tradition and common oral retelling patterns; final sourcing to be reviewed.","Parent note: traditional/canonical-inspired retelling reviewed for respectful tone; verify source note before wide release.","medium","medium","medium","medium","private_alpha","P2","needs_source_review","Index-only base concept for Sprint 39; full story writing deferred."
"BSI-0233","saraswati story seed 3","saraswati","traditional_retelling","tier_2_traditional_retelling","compassion","discipline","compassion","ages_3_5|ages_6_8|ages_9_12","3","Inspired by devotional storytelling tradition and common oral retelling patterns; final sourcing to be reviewed.","Parent note: traditional/canonical-inspired retelling reviewed for respectful tone; verify source note before wide release.","medium","high","medium","medium","public_beta","P2","needs_source_review","Index-only base concept for Sprint 39; full story writing deferred."
"BSI-0234","saraswati story seed 4","saraswati","traditional_retelling","tier_2_traditional_retelling","respect","service","respect","ages_3_5|ages_6_8|ages_9_12","3","Inspired by devotional storytelling tradition and common oral retelling patterns; final sourcing to be reviewed.","Parent note: traditional/canonical-inspired retelling reviewed for respectful tone; verify source note before wide release.","medium","medium","high","medium","later_phase","P2","needs_source_review","Index-only base concept for Sprint 39; full story writing deferred."
"BSI-0235","saraswati story seed 5","saraswati","traditional_retelling","tier_2_traditional_retelling","curiosity","wisdom","curiosity","ages_3_5|ages_6_8|ages_9_12","3","Inspired by devotional storytelling tradition and common oral retelling patterns; final sourcing to be reviewed.","Parent note: traditional/canonical-inspired retelling reviewed for respectful tone; verify source note before wide release.","medium","medium","medium","high","private_alpha","P3","needs_source_review","Index-only base concept for Sprint 39; full story writing deferred."
"BSI-0236","saraswati story seed 6","saraswati","traditional_retelling","tier_2_traditional_retelling","responsibility","humility","responsibility","ages_3_5|ages_6_8|ages_9_12","3","Inspired by devotional storytelling tradition and common oral retelling patterns; final sourcing to be reviewed.","Parent note: traditional/canonical-inspired retelling reviewed for respectful tone; verify source note before wide release.","medium","high","medium","medium","public_beta","P3","needs_source_review","Index-only base concept for Sprint 39; full story writing deferred."
"BSI-0237","saraswati story seed 7","saraswati","canonical_story","tier_1_canonical_sacred","calm","compassion","calm","ages_3_5|ages_6_8|ages_9_12","3","Conservative canonical episode framing for child-safe retelling; exact verse mapping requires reviewer confirmation.","Parent note: traditional/canonical-inspired retelling reviewed for respectful tone; verify source note before wide release.","high","medium","medium","medium","later_phase","P3","needs_source_review","Index-only base concept for Sprint 39; full story writing deferred."
"BSI-0238","saraswati story seed 8","saraswati","traditional_retelling","tier_2_traditional_retelling","self-control","discipline","self-control","ages_3_5|ages_6_8|ages_9_12","3","Inspired by devotional storytelling tradition and common oral retelling patterns; final sourcing to be reviewed.","Parent note: traditional/canonical-inspired retelling reviewed for respectful tone; verify source note before wide release.","medium","medium","high","medium","private_alpha","P3","needs_source_review","Index-only base concept for Sprint 39; full story writing deferred."
"BSI-0239","saraswati story seed 9","saraswati","traditional_retelling","tier_2_traditional_retelling","wisdom","service","wisdom","ages_3_5|ages_6_8|ages_9_12","3","Inspired by devotional storytelling tradition and common oral retelling patterns; final sourcing to be reviewed.","Parent note: traditional/canonical-inspired retelling reviewed for respectful tone; verify source note before wide release.","medium","high","medium","medium","public_beta","P3","needs_source_review","Index-only base concept for Sprint 39; full story writing deferred."
"BSI-0240","saraswati story seed 10","saraswati","traditional_retelling","tier_2_traditional_retelling","service","wisdom","service","ages_3_5|ages_6_8|ages_9_12","3","Inspired by devotional storytelling tradition and common oral retelling patterns; final sourcing to be reviewed.","Parent note: traditional/canonical-inspired retelling reviewed for respectful tone; verify source note before wide release.","medium","medium","medium","high","later_phase","P1","needs_source_review","Index-only base concept for Sprint 39; full story writing deferred."
"BSI-0241","saraswati story seed 11","saraswati","traditional_retelling","tier_2_traditional_retelling","kindness","humility","kindness","ages_3_5|ages_6_8|ages_9_12","3","Inspired by devotional storytelling tradition and common oral retelling patterns; final sourcing to be reviewed.","Parent note: traditional/canonical-inspired retelling reviewed for respectful tone; verify source note before wide release.","medium","medium","medium","medium","private_alpha","P1","needs_source_review","Index-only base concept for Sprint 39; full story writing deferred."
"BSI-0242","saraswati story seed 12","saraswati","traditional_retelling","tier_2_traditional_retelling","courage","compassion","courage","ages_3_5|ages_6_8|ages_9_12","3","Inspired by devotional storytelling tradition and common oral retelling patterns; final sourcing to be reviewed.","Parent note: traditional/canonical-inspired retelling reviewed for respectful tone; verify source note before wide release.","medium","high","high","medium","public_beta","P2","needs_source_review","Index-only base concept for Sprint 39; full story writing deferred."
"BSI-0243","saraswati story seed 13","saraswati","traditional_retelling","tier_2_traditional_retelling","truth","discipline","truth","ages_3_5|ages_6_8|ages_9_12","3","Inspired by devotional storytelling tradition and common oral retelling patterns; final sourcing to be reviewed.","Parent note: traditional/canonical-inspired retelling reviewed for respectful tone; verify source note before wide release.","medium","medium","medium","medium","later_phase","P2","needs_source_review","Index-only base concept for Sprint 39; full story writing deferred."
"BSI-0244","saraswati story seed 14","saraswati","canonical_story","tier_1_canonical_sacred","patience","service","patience","ages_3_5|ages_6_8|ages_9_12","3","Conservative canonical episode framing for child-safe retelling; exact verse mapping requires reviewer confirmation.","Parent note: traditional/canonical-inspired retelling reviewed for respectful tone; verify source note before wide release.","high","medium","medium","medium","private_alpha","P2","needs_source_review","Index-only base concept for Sprint 39; full story writing deferred."
"BSI-0245","saraswati story seed 15","saraswati","traditional_retelling","tier_2_traditional_retelling","gratitude","wisdom","gratitude","ages_3_5|ages_6_8|ages_9_12","3","Inspired by devotional storytelling tradition and common oral retelling patterns; final sourcing to be reviewed.","Parent note: traditional/canonical-inspired retelling reviewed for respectful tone; verify source note before wide release.","medium","high","medium","high","public_beta","P3","needs_source_review","Index-only base concept for Sprint 39; full story writing deferred."
"BSI-0246","saraswati story seed 16","saraswati","traditional_retelling","tier_2_traditional_retelling","humility","humility","humility","ages_3_5|ages_6_8|ages_9_12","3","Inspired by devotional storytelling tradition and common oral retelling patterns; final sourcing to be reviewed.","Parent note: traditional/canonical-inspired retelling reviewed for respectful tone; verify source note before wide release.","medium","medium","high","medium","later_phase","P3","needs_source_review","Index-only base concept for Sprint 39; full story writing deferred."
"BSI-0247","saraswati story seed 17","saraswati","traditional_retelling","tier_2_traditional_retelling","devotion","compassion","devotion","ages_3_5|ages_6_8|ages_9_12","3","Inspired by devotional storytelling tradition and common oral retelling patterns; final sourcing to be reviewed.","Parent note: traditional/canonical-inspired retelling reviewed for respectful tone; verify source note before wide release.","medium","medium","medium","medium","private_alpha","P3","needs_source_review","Index-only base concept for Sprint 39; full story writing deferred."
"BSI-0248","saraswati story seed 18","saraswati","traditional_retelling","tier_2_traditional_retelling","friendship","discipline","friendship","ages_3_5|ages_6_8|ages_9_12","3","Inspired by devotional storytelling tradition and common oral retelling patterns; final sourcing to be reviewed.","Parent note: traditional/canonical-inspired retelling reviewed for respectful tone; verify source note before wide release.","medium","high","medium","medium","public_beta","P3","needs_source_review","Index-only base concept for Sprint 39; full story writing deferred."
"BSI-0249","saraswati story seed 19","saraswati","traditional_retelling","tier_2_traditional_retelling","generosity","service","generosity","ages_3_5|ages_6_8|ages_9_12","3","Inspired by devotional storytelling tradition and common oral retelling patterns; final sourcing to be reviewed.","Parent note: traditional/canonical-inspired retelling reviewed for respectful tone; verify source note before wide release.","medium","medium","medium","medium","later_phase","P3","needs_source_review","Index-only base concept for Sprint 39; full story writing deferred."
"BSI-0250","saraswati story seed 20","saraswati","traditional_retelling","tier_2_traditional_retelling","focus","wisdom","focus","ages_3_5|ages_6_8|ages_9_12","3","Inspired by devotional storytelling tradition and common oral retelling patterns; final sourcing to be reviewed.","Parent note: traditional/canonical-inspired retelling reviewed for respectful tone; verify source note before wide release.","medium","medium","high","high","private_alpha","P1","needs_source_review","Index-only base concept for Sprint 39; full story writing deferred."
"BSI-0251","panchatantra niti story seed 1","panchatantra_niti","traditional_retelling","tier_2_traditional_retelling","forgiveness","humility","forgiveness","ages_3_5|ages_6_8|ages_9_12","3","Inspired by devotional storytelling tradition and common oral retelling patterns; final sourcing to be reviewed.","Parent note: traditional/canonical-inspired retelling reviewed for respectful tone; verify source note before wide release.","medium","medium","medium","medium","private_alpha","P1","needs_source_review","Index-only base concept for Sprint 39; full story writing deferred."
"BSI-0252","panchatantra niti story seed 2","panchatantra_niti","traditional_retelling","tier_2_traditional_retelling","discipline","compassion","discipline","ages_3_5|ages_6_8|ages_9_12","3","Inspired by devotional storytelling tradition and common oral retelling patterns; final sourcing to be reviewed.","Parent note: traditional/canonical-inspired retelling reviewed for respectful tone; verify source note before wide release.","medium","medium","medium","medium","public_beta","P2","needs_source_review","Index-only base concept for Sprint 39; full story writing deferred."
"BSI-0253","panchatantra niti story seed 3","panchatantra_niti","traditional_retelling","tier_2_traditional_retelling","compassion","discipline","compassion","ages_3_5|ages_6_8|ages_9_12","3","Inspired by devotional storytelling tradition and common oral retelling patterns; final sourcing to be reviewed.","Parent note: traditional/canonical-inspired retelling reviewed for respectful tone; verify source note before wide release.","medium","high","medium","medium","later_phase","P2","needs_source_review","Index-only base concept for Sprint 39; full story writing deferred."
"BSI-0254","panchatantra niti story seed 4","panchatantra_niti","traditional_retelling","tier_2_traditional_retelling","respect","service","respect","ages_3_5|ages_6_8|ages_9_12","3","Inspired by devotional storytelling tradition and common oral retelling patterns; final sourcing to be reviewed.","Parent note: traditional/canonical-inspired retelling reviewed for respectful tone; verify source note before wide release.","medium","medium","high","medium","private_alpha","P2","needs_source_review","Index-only base concept for Sprint 39; full story writing deferred."
"BSI-0255","panchatantra niti story seed 5","panchatantra_niti","traditional_retelling","tier_2_traditional_retelling","curiosity","wisdom","curiosity","ages_3_5|ages_6_8|ages_9_12","3","Inspired by devotional storytelling tradition and common oral retelling patterns; final sourcing to be reviewed.","Parent note: traditional/canonical-inspired retelling reviewed for respectful tone; verify source note before wide release.","medium","medium","medium","high","public_beta","P3","needs_source_review","Index-only base concept for Sprint 39; full story writing deferred."
"BSI-0256","panchatantra niti story seed 6","panchatantra_niti","traditional_retelling","tier_2_traditional_retelling","responsibility","humility","responsibility","ages_3_5|ages_6_8|ages_9_12","3","Inspired by devotional storytelling tradition and common oral retelling patterns; final sourcing to be reviewed.","Parent note: traditional/canonical-inspired retelling reviewed for respectful tone; verify source note before wide release.","medium","high","medium","medium","later_phase","P3","needs_source_review","Index-only base concept for Sprint 39; full story writing deferred."
"BSI-0257","panchatantra niti story seed 7","panchatantra_niti","traditional_retelling","tier_2_traditional_retelling","calm","compassion","calm","ages_3_5|ages_6_8|ages_9_12","3","Inspired by devotional storytelling tradition and common oral retelling patterns; final sourcing to be reviewed.","Parent note: traditional/canonical-inspired retelling reviewed for respectful tone; verify source note before wide release.","medium","medium","medium","medium","private_alpha","P3","needs_source_review","Index-only base concept for Sprint 39; full story writing deferred."
"BSI-0258","panchatantra niti story seed 8","panchatantra_niti","traditional_retelling","tier_2_traditional_retelling","self-control","discipline","self-control","ages_3_5|ages_6_8|ages_9_12","3","Inspired by devotional storytelling tradition and common oral retelling patterns; final sourcing to be reviewed.","Parent note: traditional/canonical-inspired retelling reviewed for respectful tone; verify source note before wide release.","medium","medium","high","medium","public_beta","P3","needs_source_review","Index-only base concept for Sprint 39; full story writing deferred."
"BSI-0259","panchatantra niti story seed 9","panchatantra_niti","traditional_retelling","tier_2_traditional_retelling","wisdom","service","wisdom","ages_3_5|ages_6_8|ages_9_12","3","Inspired by devotional storytelling tradition and common oral retelling patterns; final sourcing to be reviewed.","Parent note: traditional/canonical-inspired retelling reviewed for respectful tone; verify source note before wide release.","medium","high","medium","medium","later_phase","P3","needs_source_review","Index-only base concept for Sprint 39; full story writing deferred."
"BSI-0260","panchatantra niti story seed 10","panchatantra_niti","traditional_retelling","tier_2_traditional_retelling","service","wisdom","service","ages_3_5|ages_6_8|ages_9_12","3","Inspired by devotional storytelling tradition and common oral retelling patterns; final sourcing to be reviewed.","Parent note: traditional/canonical-inspired retelling reviewed for respectful tone; verify source note before wide release.","medium","medium","medium","high","private_alpha","P1","needs_source_review","Index-only base concept for Sprint 39; full story writing deferred."
"BSI-0261","panchatantra niti story seed 11","panchatantra_niti","traditional_retelling","tier_2_traditional_retelling","kindness","humility","kindness","ages_3_5|ages_6_8|ages_9_12","3","Inspired by devotional storytelling tradition and common oral retelling patterns; final sourcing to be reviewed.","Parent note: traditional/canonical-inspired retelling reviewed for respectful tone; verify source note before wide release.","medium","medium","medium","medium","public_beta","P1","needs_source_review","Index-only base concept for Sprint 39; full story writing deferred."
"BSI-0262","panchatantra niti story seed 12","panchatantra_niti","traditional_retelling","tier_2_traditional_retelling","courage","compassion","courage","ages_3_5|ages_6_8|ages_9_12","3","Inspired by devotional storytelling tradition and common oral retelling patterns; final sourcing to be reviewed.","Parent note: traditional/canonical-inspired retelling reviewed for respectful tone; verify source note before wide release.","medium","high","high","medium","later_phase","P2","needs_source_review","Index-only base concept for Sprint 39; full story writing deferred."
"BSI-0263","panchatantra niti story seed 13","panchatantra_niti","traditional_retelling","tier_2_traditional_retelling","truth","discipline","truth","ages_3_5|ages_6_8|ages_9_12","3","Inspired by devotional storytelling tradition and common oral retelling patterns; final sourcing to be reviewed.","Parent note: traditional/canonical-inspired retelling reviewed for respectful tone; verify source note before wide release.","medium","medium","medium","medium","private_alpha","P2","needs_source_review","Index-only base concept for Sprint 39; full story writing deferred."
"BSI-0264","panchatantra niti story seed 14","panchatantra_niti","traditional_retelling","tier_2_traditional_retelling","patience","service","patience","ages_3_5|ages_6_8|ages_9_12","3","Inspired by devotional storytelling tradition and common oral retelling patterns; final sourcing to be reviewed.","Parent note: traditional/canonical-inspired retelling reviewed for respectful tone; verify source note before wide release.","medium","medium","medium","medium","public_beta","P2","needs_source_review","Index-only base concept for Sprint 39; full story writing deferred."
"BSI-0265","panchatantra niti story seed 15","panchatantra_niti","traditional_retelling","tier_2_traditional_retelling","gratitude","wisdom","gratitude","ages_3_5|ages_6_8|ages_9_12","3","Inspired by devotional storytelling tradition and common oral retelling patterns; final sourcing to be reviewed.","Parent note: traditional/canonical-inspired retelling reviewed for respectful tone; verify source note before wide release.","medium","high","medium","high","later_phase","P3","needs_source_review","Index-only base concept for Sprint 39; full story writing deferred."
"BSI-0266","panchatantra niti story seed 16","panchatantra_niti","traditional_retelling","tier_2_traditional_retelling","humility","humility","humility","ages_3_5|ages_6_8|ages_9_12","3","Inspired by devotional storytelling tradition and common oral retelling patterns; final sourcing to be reviewed.","Parent note: traditional/canonical-inspired retelling reviewed for respectful tone; verify source note before wide release.","medium","medium","high","medium","private_alpha","P3","needs_source_review","Index-only base concept for Sprint 39; full story writing deferred."
"BSI-0267","panchatantra niti story seed 17","panchatantra_niti","traditional_retelling","tier_2_traditional_retelling","devotion","compassion","devotion","ages_3_5|ages_6_8|ages_9_12","3","Inspired by devotional storytelling tradition and common oral retelling patterns; final sourcing to be reviewed.","Parent note: traditional/canonical-inspired retelling reviewed for respectful tone; verify source note before wide release.","medium","medium","medium","medium","public_beta","P3","needs_source_review","Index-only base concept for Sprint 39; full story writing deferred."
"BSI-0268","panchatantra niti story seed 18","panchatantra_niti","traditional_retelling","tier_2_traditional_retelling","friendship","discipline","friendship","ages_3_5|ages_6_8|ages_9_12","3","Inspired by devotional storytelling tradition and common oral retelling patterns; final sourcing to be reviewed.","Parent note: traditional/canonical-inspired retelling reviewed for respectful tone; verify source note before wide release.","medium","high","medium","medium","later_phase","P3","needs_source_review","Index-only base concept for Sprint 39; full story writing deferred."
"BSI-0269","panchatantra niti story seed 19","panchatantra_niti","traditional_retelling","tier_2_traditional_retelling","generosity","service","generosity","ages_3_5|ages_6_8|ages_9_12","3","Inspired by devotional storytelling tradition and common oral retelling patterns; final sourcing to be reviewed.","Parent note: traditional/canonical-inspired retelling reviewed for respectful tone; verify source note before wide release.","medium","medium","medium","medium","private_alpha","P3","needs_source_review","Index-only base concept for Sprint 39; full story writing deferred."
"BSI-0270","panchatantra niti story seed 20","panchatantra_niti","traditional_retelling","tier_2_traditional_retelling","focus","wisdom","focus","ages_3_5|ages_6_8|ages_9_12","3","Inspired by devotional storytelling tradition and common oral retelling patterns; final sourcing to be reviewed.","Parent note: traditional/canonical-inspired retelling reviewed for respectful tone; verify source note before wide release.","medium","medium","high","high","public_beta","P1","needs_source_review","Index-only base concept for Sprint 39; full story writing deferred."
"BSI-0271","panchatantra niti story seed 21","panchatantra_niti","traditional_retelling","tier_2_traditional_retelling","forgiveness","humility","forgiveness","ages_3_5|ages_6_8|ages_9_12","3","Inspired by devotional storytelling tradition and common oral retelling patterns; final sourcing to be reviewed.","Parent note: traditional/canonical-inspired retelling reviewed for respectful tone; verify source note before wide release.","medium","high","medium","medium","later_phase","P1","needs_source_review","Index-only base concept for Sprint 39; full story writing deferred."
"BSI-0272","panchatantra niti story seed 22","panchatantra_niti","traditional_retelling","tier_2_traditional_retelling","discipline","compassion","discipline","ages_3_5|ages_6_8|ages_9_12","3","Inspired by devotional storytelling tradition and common oral retelling patterns; final sourcing to be reviewed.","Parent note: traditional/canonical-inspired retelling reviewed for respectful tone; verify source note before wide release.","medium","medium","medium","medium","private_alpha","P2","needs_source_review","Index-only base concept for Sprint 39; full story writing deferred."
"BSI-0273","panchatantra niti story seed 23","panchatantra_niti","traditional_retelling","tier_2_traditional_retelling","compassion","discipline","compassion","ages_3_5|ages_6_8|ages_9_12","3","Inspired by devotional storytelling tradition and common oral retelling patterns; final sourcing to be reviewed.","Parent note: traditional/canonical-inspired retelling reviewed for respectful tone; verify source note before wide release.","medium","medium","medium","medium","public_beta","P2","needs_source_review","Index-only base concept for Sprint 39; full story writing deferred."
"BSI-0274","panchatantra niti story seed 24","panchatantra_niti","traditional_retelling","tier_2_traditional_retelling","respect","service","respect","ages_3_5|ages_6_8|ages_9_12","3","Inspired by devotional storytelling tradition and common oral retelling patterns; final sourcing to be reviewed.","Parent note: traditional/canonical-inspired retelling reviewed for respectful tone; verify source note before wide release.","medium","high","high","medium","later_phase","P2","needs_source_review","Index-only base concept for Sprint 39; full story writing deferred."
"BSI-0275","panchatantra niti story seed 25","panchatantra_niti","traditional_retelling","tier_2_traditional_retelling","curiosity","wisdom","curiosity","ages_3_5|ages_6_8|ages_9_12","3","Inspired by devotional storytelling tradition and common oral retelling patterns; final sourcing to be reviewed.","Parent note: traditional/canonical-inspired retelling reviewed for respectful tone; verify source note before wide release.","medium","medium","medium","high","private_alpha","P3","needs_source_review","Index-only base concept for Sprint 39; full story writing deferred."
"BSI-0276","panchatantra niti story seed 26","panchatantra_niti","traditional_retelling","tier_2_traditional_retelling","responsibility","humility","responsibility","ages_3_5|ages_6_8|ages_9_12","3","Inspired by devotional storytelling tradition and common oral retelling patterns; final sourcing to be reviewed.","Parent note: traditional/canonical-inspired retelling reviewed for respectful tone; verify source note before wide release.","medium","medium","medium","medium","public_beta","P3","needs_source_review","Index-only base concept for Sprint 39; full story writing deferred."
"BSI-0277","panchatantra niti story seed 27","panchatantra_niti","traditional_retelling","tier_2_traditional_retelling","calm","compassion","calm","ages_3_5|ages_6_8|ages_9_12","3","Inspired by devotional storytelling tradition and common oral retelling patterns; final sourcing to be reviewed.","Parent note: traditional/canonical-inspired retelling reviewed for respectful tone; verify source note before wide release.","medium","high","medium","medium","later_phase","P3","needs_source_review","Index-only base concept for Sprint 39; full story writing deferred."
"BSI-0278","panchatantra niti story seed 28","panchatantra_niti","traditional_retelling","tier_2_traditional_retelling","self-control","discipline","self-control","ages_3_5|ages_6_8|ages_9_12","3","Inspired by devotional storytelling tradition and common oral retelling patterns; final sourcing to be reviewed.","Parent note: traditional/canonical-inspired retelling reviewed for respectful tone; verify source note before wide release.","medium","medium","high","medium","private_alpha","P3","needs_source_review","Index-only base concept for Sprint 39; full story writing deferred."
"BSI-0279","panchatantra niti story seed 29","panchatantra_niti","traditional_retelling","tier_2_traditional_retelling","wisdom","service","wisdom","ages_3_5|ages_6_8|ages_9_12","3","Inspired by devotional storytelling tradition and common oral retelling patterns; final sourcing to be reviewed.","Parent note: traditional/canonical-inspired retelling reviewed for respectful tone; verify source note before wide release.","medium","medium","medium","medium","public_beta","P3","needs_source_review","Index-only base concept for Sprint 39; full story writing deferred."
"BSI-0280","panchatantra niti story seed 30","panchatantra_niti","traditional_retelling","tier_2_traditional_retelling","service","wisdom","service","ages_3_5|ages_6_8|ages_9_12","3","Inspired by devotional storytelling tradition and common oral retelling patterns; final sourcing to be reviewed.","Parent note: traditional/canonical-inspired retelling reviewed for respectful tone; verify source note before wide release.","medium","high","medium","high","later_phase","P1","needs_source_review","Index-only base concept for Sprint 39; full story writing deferred."
"BSI-0281","panchatantra niti story seed 31","panchatantra_niti","traditional_retelling","tier_2_traditional_retelling","kindness","humility","kindness","ages_3_5|ages_6_8|ages_9_12","3","Inspired by devotional storytelling tradition and common oral retelling patterns; final sourcing to be reviewed.","Parent note: traditional/canonical-inspired retelling reviewed for respectful tone; verify source note before wide release.","medium","medium","medium","medium","private_alpha","P1","needs_source_review","Index-only base concept for Sprint 39; full story writing deferred."
"BSI-0282","panchatantra niti story seed 32","panchatantra_niti","traditional_retelling","tier_2_traditional_retelling","courage","compassion","courage","ages_3_5|ages_6_8|ages_9_12","3","Inspired by devotional storytelling tradition and common oral retelling patterns; final sourcing to be reviewed.","Parent note: traditional/canonical-inspired retelling reviewed for respectful tone; verify source note before wide release.","medium","medium","high","medium","public_beta","P2","needs_source_review","Index-only base concept for Sprint 39; full story writing deferred."
"BSI-0283","panchatantra niti story seed 33","panchatantra_niti","traditional_retelling","tier_2_traditional_retelling","truth","discipline","truth","ages_3_5|ages_6_8|ages_9_12","3","Inspired by devotional storytelling tradition and common oral retelling patterns; final sourcing to be reviewed.","Parent note: traditional/canonical-inspired retelling reviewed for respectful tone; verify source note before wide release.","medium","high","medium","medium","later_phase","P2","needs_source_review","Index-only base concept for Sprint 39; full story writing deferred."
"BSI-0284","panchatantra niti story seed 34","panchatantra_niti","traditional_retelling","tier_2_traditional_retelling","patience","service","patience","ages_3_5|ages_6_8|ages_9_12","3","Inspired by devotional storytelling tradition and common oral retelling patterns; final sourcing to be reviewed.","Parent note: traditional/canonical-inspired retelling reviewed for respectful tone; verify source note before wide release.","medium","medium","medium","medium","private_alpha","P2","needs_source_review","Index-only base concept for Sprint 39; full story writing deferred."
"BSI-0285","panchatantra niti story seed 35","panchatantra_niti","traditional_retelling","tier_2_traditional_retelling","gratitude","wisdom","gratitude","ages_3_5|ages_6_8|ages_9_12","3","Inspired by devotional storytelling tradition and common oral retelling patterns; final sourcing to be reviewed.","Parent note: traditional/canonical-inspired retelling reviewed for respectful tone; verify source note before wide release.","medium","medium","medium","high","public_beta","P3","needs_source_review","Index-only base concept for Sprint 39; full story writing deferred."
"BSI-0286","jataka compassion story seed 1","jataka_compassion","traditional_retelling","tier_2_traditional_retelling","humility","calm","humility","ages_3_5|ages_6_8|ages_9_12","3","Inspired by devotional storytelling tradition and common oral retelling patterns; final sourcing to be reviewed.","Parent note: traditional/canonical-inspired retelling reviewed for respectful tone; verify source note before wide release.","medium","medium","medium","medium","long_term_moat","P1","needs_source_review","Index-only base concept for Sprint 39; full story writing deferred."
"BSI-0287","jataka compassion story seed 2","jataka_compassion","traditional_retelling","tier_2_traditional_retelling","devotion","friendship","devotion","ages_3_5|ages_6_8|ages_9_12","3","Inspired by devotional storytelling tradition and common oral retelling patterns; final sourcing to be reviewed.","Parent note: traditional/canonical-inspired retelling reviewed for respectful tone; verify source note before wide release.","medium","medium","medium","medium","private_beta","P2","needs_source_review","Index-only base concept for Sprint 39; full story writing deferred."
"BSI-0288","jataka compassion story seed 3","jataka_compassion","traditional_retelling","tier_2_traditional_retelling","friendship","gratitude","friendship","ages_3_5|ages_6_8|ages_9_12","3","Inspired by devotional storytelling tradition and common oral retelling patterns; final sourcing to be reviewed.","Parent note: traditional/canonical-inspired retelling reviewed for respectful tone; verify source note before wide release.","medium","high","medium","medium","paid_v1","P2","needs_source_review","Index-only base concept for Sprint 39; full story writing deferred."
"BSI-0289","jataka compassion story seed 4","jataka_compassion","traditional_retelling","tier_2_traditional_retelling","generosity","focus","generosity","ages_3_5|ages_6_8|ages_9_12","3","Inspired by devotional storytelling tradition and common oral retelling patterns; final sourcing to be reviewed.","Parent note: traditional/canonical-inspired retelling reviewed for respectful tone; verify source note before wide release.","medium","medium","high","medium","long_term_moat","P2","needs_source_review","Index-only base concept for Sprint 39; full story writing deferred."
"BSI-0290","jataka compassion story seed 5","jataka_compassion","traditional_retelling","tier_2_traditional_retelling","focus","respect","focus","ages_3_5|ages_6_8|ages_9_12","3","Inspired by devotional storytelling tradition and common oral retelling patterns; final sourcing to be reviewed.","Parent note: traditional/canonical-inspired retelling reviewed for respectful tone; verify source note before wide release.","medium","medium","medium","high","private_beta","P3","needs_source_review","Index-only base concept for Sprint 39; full story writing deferred."
"BSI-0291","jataka compassion story seed 6","jataka_compassion","traditional_retelling","tier_2_traditional_retelling","forgiveness","calm","forgiveness","ages_3_5|ages_6_8|ages_9_12","3","Inspired by devotional storytelling tradition and common oral retelling patterns; final sourcing to be reviewed.","Parent note: traditional/canonical-inspired retelling reviewed for respectful tone; verify source note before wide release.","medium","high","medium","medium","paid_v1","P3","needs_source_review","Index-only base concept for Sprint 39; full story writing deferred."
"BSI-0292","jataka compassion story seed 7","jataka_compassion","traditional_retelling","tier_2_traditional_retelling","discipline","friendship","discipline","ages_3_5|ages_6_8|ages_9_12","3","Inspired by devotional storytelling tradition and common oral retelling patterns; final sourcing to be reviewed.","Parent note: traditional/canonical-inspired retelling reviewed for respectful tone; verify source note before wide release.","medium","medium","medium","medium","long_term_moat","P3","needs_source_review","Index-only base concept for Sprint 39; full story writing deferred."
"BSI-0293","jataka compassion story seed 8","jataka_compassion","traditional_retelling","tier_2_traditional_retelling","compassion","gratitude","compassion","ages_3_5|ages_6_8|ages_9_12","3","Inspired by devotional storytelling tradition and common oral retelling patterns; final sourcing to be reviewed.","Parent note: traditional/canonical-inspired retelling reviewed for respectful tone; verify source note before wide release.","medium","medium","high","medium","private_beta","P3","needs_source_review","Index-only base concept for Sprint 39; full story writing deferred."
"BSI-0294","jataka compassion story seed 9","jataka_compassion","traditional_retelling","tier_2_traditional_retelling","respect","focus","respect","ages_3_5|ages_6_8|ages_9_12","3","Inspired by devotional storytelling tradition and common oral retelling patterns; final sourcing to be reviewed.","Parent note: traditional/canonical-inspired retelling reviewed for respectful tone; verify source note before wide release.","medium","high","medium","medium","paid_v1","P3","needs_source_review","Index-only base concept for Sprint 39; full story writing deferred."
"BSI-0295","jataka compassion story seed 10","jataka_compassion","traditional_retelling","tier_2_traditional_retelling","curiosity","respect","curiosity","ages_3_5|ages_6_8|ages_9_12","3","Inspired by devotional storytelling tradition and common oral retelling patterns; final sourcing to be reviewed.","Parent note: traditional/canonical-inspired retelling reviewed for respectful tone; verify source note before wide release.","medium","medium","medium","high","long_term_moat","P1","needs_source_review","Index-only base concept for Sprint 39; full story writing deferred."
"BSI-0296","jataka compassion story seed 11","jataka_compassion","traditional_retelling","tier_2_traditional_retelling","responsibility","calm","responsibility","ages_3_5|ages_6_8|ages_9_12","3","Inspired by devotional storytelling tradition and common oral retelling patterns; final sourcing to be reviewed.","Parent note: traditional/canonical-inspired retelling reviewed for respectful tone; verify source note before wide release.","medium","medium","medium","medium","private_beta","P1","needs_source_review","Index-only base concept for Sprint 39; full story writing deferred."
"BSI-0297","jataka compassion story seed 12","jataka_compassion","traditional_retelling","tier_2_traditional_retelling","calm","friendship","calm","ages_3_5|ages_6_8|ages_9_12","3","Inspired by devotional storytelling tradition and common oral retelling patterns; final sourcing to be reviewed.","Parent note: traditional/canonical-inspired retelling reviewed for respectful tone; verify source note before wide release.","medium","high","high","medium","paid_v1","P2","needs_source_review","Index-only base concept for Sprint 39; full story writing deferred."
"BSI-0298","jataka compassion story seed 13","jataka_compassion","traditional_retelling","tier_2_traditional_retelling","self-control","gratitude","self-control","ages_3_5|ages_6_8|ages_9_12","3","Inspired by devotional storytelling tradition and common oral retelling patterns; final sourcing to be reviewed.","Parent note: traditional/canonical-inspired retelling reviewed for respectful tone; verify source note before wide release.","medium","medium","medium","medium","long_term_moat","P2","needs_source_review","Index-only base concept for Sprint 39; full story writing deferred."
"BSI-0299","jataka compassion story seed 14","jataka_compassion","traditional_retelling","tier_2_traditional_retelling","wisdom","focus","wisdom","ages_3_5|ages_6_8|ages_9_12","3","Inspired by devotional storytelling tradition and common oral retelling patterns; final sourcing to be reviewed.","Parent note: traditional/canonical-inspired retelling reviewed for respectful tone; verify source note before wide release.","medium","medium","medium","medium","private_beta","P2","needs_source_review","Index-only base concept for Sprint 39; full story writing deferred."
"BSI-0300","jataka compassion story seed 15","jataka_compassion","traditional_retelling","tier_2_traditional_retelling","service","respect","service","ages_3_5|ages_6_8|ages_9_12","3","Inspired by devotional storytelling tradition and common oral retelling patterns; final sourcing to be reviewed.","Parent note: traditional/canonical-inspired retelling reviewed for respectful tone; verify source note before wide release.","medium","high","medium","high","paid_v1","P3","needs_source_review","Index-only base concept for Sprint 39; full story writing deferred."
"BSI-0301","jataka compassion story seed 16","jataka_compassion","traditional_retelling","tier_2_traditional_retelling","kindness","calm","kindness","ages_3_5|ages_6_8|ages_9_12","3","Inspired by devotional storytelling tradition and common oral retelling patterns; final sourcing to be reviewed.","Parent note: traditional/canonical-inspired retelling reviewed for respectful tone; verify source note before wide release.","medium","medium","high","medium","long_term_moat","P3","needs_source_review","Index-only base concept for Sprint 39; full story writing deferred."
"BSI-0302","jataka compassion story seed 17","jataka_compassion","traditional_retelling","tier_2_traditional_retelling","courage","friendship","courage","ages_3_5|ages_6_8|ages_9_12","3","Inspired by devotional storytelling tradition and common oral retelling patterns; final sourcing to be reviewed.","Parent note: traditional/canonical-inspired retelling reviewed for respectful tone; verify source note before wide release.","medium","medium","medium","medium","private_beta","P3","needs_source_review","Index-only base concept for Sprint 39; full story writing deferred."
"BSI-0303","jataka compassion story seed 18","jataka_compassion","traditional_retelling","tier_2_traditional_retelling","truth","gratitude","truth","ages_3_5|ages_6_8|ages_9_12","3","Inspired by devotional storytelling tradition and common oral retelling patterns; final sourcing to be reviewed.","Parent note: traditional/canonical-inspired retelling reviewed for respectful tone; verify source note before wide release.","medium","high","medium","medium","paid_v1","P3","needs_source_review","Index-only base concept for Sprint 39; full story writing deferred."
"BSI-0304","jataka compassion story seed 19","jataka_compassion","traditional_retelling","tier_2_traditional_retelling","patience","focus","patience","ages_3_5|ages_6_8|ages_9_12","3","Inspired by devotional storytelling tradition and common oral retelling patterns; final sourcing to be reviewed.","Parent note: traditional/canonical-inspired retelling reviewed for respectful tone; verify source note before wide release.","medium","medium","medium","medium","long_term_moat","P3","needs_source_review","Index-only base concept for Sprint 39; full story writing deferred."
"BSI-0305","jataka compassion story seed 20","jataka_compassion","traditional_retelling","tier_2_traditional_retelling","gratitude","respect","gratitude","ages_3_5|ages_6_8|ages_9_12","3","Inspired by devotional storytelling tradition and common oral retelling patterns; final sourcing to be reviewed.","Parent note: traditional/canonical-inspired retelling reviewed for respectful tone; verify source note before wide release.","medium","medium","high","high","private_beta","P1","needs_source_review","Index-only base concept for Sprint 39; full story writing deferred."
"BSI-0306","saints bhakti story seed 1","saints_bhakti","traditional_retelling","tier_2_traditional_retelling","humility","calm","humility","ages_3_5|ages_6_8|ages_9_12","3","Inspired by devotional storytelling tradition and common oral retelling patterns; final sourcing to be reviewed.","Parent note: traditional/canonical-inspired retelling reviewed for respectful tone; verify source note before wide release.","medium","medium","medium","medium","private_beta","P1","needs_source_review","Index-only base concept for Sprint 39; full story writing deferred."
"BSI-0307","saints bhakti story seed 2","saints_bhakti","traditional_retelling","tier_2_traditional_retelling","devotion","friendship","devotion","ages_3_5|ages_6_8|ages_9_12","3","Inspired by devotional storytelling tradition and common oral retelling patterns; final sourcing to be reviewed.","Parent note: traditional/canonical-inspired retelling reviewed for respectful tone; verify source note before wide release.","medium","medium","medium","medium","paid_v1","P2","needs_source_review","Index-only base concept for Sprint 39; full story writing deferred."
"BSI-0308","saints bhakti story seed 3","saints_bhakti","traditional_retelling","tier_2_traditional_retelling","friendship","gratitude","friendship","ages_3_5|ages_6_8|ages_9_12","3","Inspired by devotional storytelling tradition and common oral retelling patterns; final sourcing to be reviewed.","Parent note: traditional/canonical-inspired retelling reviewed for respectful tone; verify source note before wide release.","medium","high","medium","medium","long_term_moat","P2","needs_source_review","Index-only base concept for Sprint 39; full story writing deferred."
"BSI-0309","saints bhakti story seed 4","saints_bhakti","traditional_retelling","tier_2_traditional_retelling","generosity","focus","generosity","ages_3_5|ages_6_8|ages_9_12","3","Inspired by devotional storytelling tradition and common oral retelling patterns; final sourcing to be reviewed.","Parent note: traditional/canonical-inspired retelling reviewed for respectful tone; verify source note before wide release.","medium","medium","high","medium","private_beta","P2","needs_source_review","Index-only base concept for Sprint 39; full story writing deferred."
"BSI-0310","saints bhakti story seed 5","saints_bhakti","traditional_retelling","tier_2_traditional_retelling","focus","respect","focus","ages_3_5|ages_6_8|ages_9_12","3","Inspired by devotional storytelling tradition and common oral retelling patterns; final sourcing to be reviewed.","Parent note: traditional/canonical-inspired retelling reviewed for respectful tone; verify source note before wide release.","medium","medium","medium","high","paid_v1","P3","needs_source_review","Index-only base concept for Sprint 39; full story writing deferred."
"BSI-0311","saints bhakti story seed 6","saints_bhakti","traditional_retelling","tier_2_traditional_retelling","forgiveness","calm","forgiveness","ages_3_5|ages_6_8|ages_9_12","3","Inspired by devotional storytelling tradition and common oral retelling patterns; final sourcing to be reviewed.","Parent note: traditional/canonical-inspired retelling reviewed for respectful tone; verify source note before wide release.","medium","high","medium","medium","long_term_moat","P3","needs_source_review","Index-only base concept for Sprint 39; full story writing deferred."
"BSI-0312","saints bhakti story seed 7","saints_bhakti","traditional_retelling","tier_2_traditional_retelling","discipline","friendship","discipline","ages_3_5|ages_6_8|ages_9_12","3","Inspired by devotional storytelling tradition and common oral retelling patterns; final sourcing to be reviewed.","Parent note: traditional/canonical-inspired retelling reviewed for respectful tone; verify source note before wide release.","medium","medium","medium","medium","private_beta","P3","needs_source_review","Index-only base concept for Sprint 39; full story writing deferred."
"BSI-0313","saints bhakti story seed 8","saints_bhakti","traditional_retelling","tier_2_traditional_retelling","compassion","gratitude","compassion","ages_3_5|ages_6_8|ages_9_12","3","Inspired by devotional storytelling tradition and common oral retelling patterns; final sourcing to be reviewed.","Parent note: traditional/canonical-inspired retelling reviewed for respectful tone; verify source note before wide release.","medium","medium","high","medium","paid_v1","P3","needs_source_review","Index-only base concept for Sprint 39; full story writing deferred."
"BSI-0314","saints bhakti story seed 9","saints_bhakti","traditional_retelling","tier_2_traditional_retelling","respect","focus","respect","ages_3_5|ages_6_8|ages_9_12","3","Inspired by devotional storytelling tradition and common oral retelling patterns; final sourcing to be reviewed.","Parent note: traditional/canonical-inspired retelling reviewed for respectful tone; verify source note before wide release.","medium","high","medium","medium","long_term_moat","P3","needs_source_review","Index-only base concept for Sprint 39; full story writing deferred."
"BSI-0315","saints bhakti story seed 10","saints_bhakti","traditional_retelling","tier_2_traditional_retelling","curiosity","respect","curiosity","ages_3_5|ages_6_8|ages_9_12","3","Inspired by devotional storytelling tradition and common oral retelling patterns; final sourcing to be reviewed.","Parent note: traditional/canonical-inspired retelling reviewed for respectful tone; verify source note before wide release.","medium","medium","medium","high","private_beta","P1","needs_source_review","Index-only base concept for Sprint 39; full story writing deferred."
"BSI-0316","saints bhakti story seed 11","saints_bhakti","traditional_retelling","tier_2_traditional_retelling","responsibility","calm","responsibility","ages_3_5|ages_6_8|ages_9_12","3","Inspired by devotional storytelling tradition and common oral retelling patterns; final sourcing to be reviewed.","Parent note: traditional/canonical-inspired retelling reviewed for respectful tone; verify source note before wide release.","medium","medium","medium","medium","paid_v1","P1","needs_source_review","Index-only base concept for Sprint 39; full story writing deferred."
"BSI-0317","saints bhakti story seed 12","saints_bhakti","traditional_retelling","tier_2_traditional_retelling","calm","friendship","calm","ages_3_5|ages_6_8|ages_9_12","3","Inspired by devotional storytelling tradition and common oral retelling patterns; final sourcing to be reviewed.","Parent note: traditional/canonical-inspired retelling reviewed for respectful tone; verify source note before wide release.","medium","high","high","medium","long_term_moat","P2","needs_source_review","Index-only base concept for Sprint 39; full story writing deferred."
"BSI-0318","saints bhakti story seed 13","saints_bhakti","traditional_retelling","tier_2_traditional_retelling","self-control","gratitude","self-control","ages_3_5|ages_6_8|ages_9_12","3","Inspired by devotional storytelling tradition and common oral retelling patterns; final sourcing to be reviewed.","Parent note: traditional/canonical-inspired retelling reviewed for respectful tone; verify source note before wide release.","medium","medium","medium","medium","private_beta","P2","needs_source_review","Index-only base concept for Sprint 39; full story writing deferred."
"BSI-0319","saints bhakti story seed 14","saints_bhakti","traditional_retelling","tier_2_traditional_retelling","wisdom","focus","wisdom","ages_3_5|ages_6_8|ages_9_12","3","Inspired by devotional storytelling tradition and common oral retelling patterns; final sourcing to be reviewed.","Parent note: traditional/canonical-inspired retelling reviewed for respectful tone; verify source note before wide release.","medium","medium","medium","medium","paid_v1","P2","needs_source_review","Index-only base concept for Sprint 39; full story writing deferred."
"BSI-0320","saints bhakti story seed 15","saints_bhakti","traditional_retelling","tier_2_traditional_retelling","service","respect","service","ages_3_5|ages_6_8|ages_9_12","3","Inspired by devotional storytelling tradition and common oral retelling patterns; final sourcing to be reviewed.","Parent note: traditional/canonical-inspired retelling reviewed for respectful tone; verify source note before wide release.","medium","high","medium","high","long_term_moat","P3","needs_source_review","Index-only base concept for Sprint 39; full story writing deferred."
"BSI-0321","saints bhakti story seed 16","saints_bhakti","traditional_retelling","tier_2_traditional_retelling","kindness","calm","kindness","ages_3_5|ages_6_8|ages_9_12","3","Inspired by devotional storytelling tradition and common oral retelling patterns; final sourcing to be reviewed.","Parent note: traditional/canonical-inspired retelling reviewed for respectful tone; verify source note before wide release.","medium","medium","high","medium","private_beta","P3","needs_source_review","Index-only base concept for Sprint 39; full story writing deferred."
"BSI-0322","saints bhakti story seed 17","saints_bhakti","traditional_retelling","tier_2_traditional_retelling","courage","friendship","courage","ages_3_5|ages_6_8|ages_9_12","3","Inspired by devotional storytelling tradition and common oral retelling patterns; final sourcing to be reviewed.","Parent note: traditional/canonical-inspired retelling reviewed for respectful tone; verify source note before wide release.","medium","medium","medium","medium","paid_v1","P3","needs_source_review","Index-only base concept for Sprint 39; full story writing deferred."
"BSI-0323","saints bhakti story seed 18","saints_bhakti","traditional_retelling","tier_2_traditional_retelling","truth","gratitude","truth","ages_3_5|ages_6_8|ages_9_12","3","Inspired by devotional storytelling tradition and common oral retelling patterns; final sourcing to be reviewed.","Parent note: traditional/canonical-inspired retelling reviewed for respectful tone; verify source note before wide release.","medium","high","medium","medium","long_term_moat","P3","needs_source_review","Index-only base concept for Sprint 39; full story writing deferred."
"BSI-0324","saints bhakti story seed 19","saints_bhakti","traditional_retelling","tier_2_traditional_retelling","patience","focus","patience","ages_3_5|ages_6_8|ages_9_12","3","Inspired by devotional storytelling tradition and common oral retelling patterns; final sourcing to be reviewed.","Parent note: traditional/canonical-inspired retelling reviewed for respectful tone; verify source note before wide release.","medium","medium","medium","medium","private_beta","P3","needs_source_review","Index-only base concept for Sprint 39; full story writing deferred."
"BSI-0325","saints bhakti story seed 20","saints_bhakti","traditional_retelling","tier_2_traditional_retelling","gratitude","respect","gratitude","ages_3_5|ages_6_8|ages_9_12","3","Inspired by devotional storytelling tradition and common oral retelling patterns; final sourcing to be reviewed.","Parent note: traditional/canonical-inspired retelling reviewed for respectful tone; verify source note before wide release.","medium","medium","high","high","paid_v1","P1","needs_source_review","Index-only base concept for Sprint 39; full story writing deferred."
"BSI-0326","saints bhakti story seed 21","saints_bhakti","traditional_retelling","tier_2_traditional_retelling","humility","calm","humility","ages_3_5|ages_6_8|ages_9_12","3","Inspired by devotional storytelling tradition and common oral retelling patterns; final sourcing to be reviewed.","Parent note: traditional/canonical-inspired retelling reviewed for respectful tone; verify source note before wide release.","medium","high","medium","medium","long_term_moat","P1","needs_source_review","Index-only base concept for Sprint 39; full story writing deferred."
"BSI-0327","saints bhakti story seed 22","saints_bhakti","traditional_retelling","tier_2_traditional_retelling","devotion","friendship","devotion","ages_3_5|ages_6_8|ages_9_12","3","Inspired by devotional storytelling tradition and common oral retelling patterns; final sourcing to be reviewed.","Parent note: traditional/canonical-inspired retelling reviewed for respectful tone; verify source note before wide release.","medium","medium","medium","medium","private_beta","P2","needs_source_review","Index-only base concept for Sprint 39; full story writing deferred."
"BSI-0328","saints bhakti story seed 23","saints_bhakti","traditional_retelling","tier_2_traditional_retelling","friendship","gratitude","friendship","ages_3_5|ages_6_8|ages_9_12","3","Inspired by devotional storytelling tradition and common oral retelling patterns; final sourcing to be reviewed.","Parent note: traditional/canonical-inspired retelling reviewed for respectful tone; verify source note before wide release.","medium","medium","medium","medium","paid_v1","P2","needs_source_review","Index-only base concept for Sprint 39; full story writing deferred."
"BSI-0329","saints bhakti story seed 24","saints_bhakti","traditional_retelling","tier_2_traditional_retelling","generosity","focus","generosity","ages_3_5|ages_6_8|ages_9_12","3","Inspired by devotional storytelling tradition and common oral retelling patterns; final sourcing to be reviewed.","Parent note: traditional/canonical-inspired retelling reviewed for respectful tone; verify source note before wide release.","medium","high","high","medium","long_term_moat","P2","needs_source_review","Index-only base concept for Sprint 39; full story writing deferred."
"BSI-0330","saints bhakti story seed 25","saints_bhakti","traditional_retelling","tier_2_traditional_retelling","focus","respect","focus","ages_3_5|ages_6_8|ages_9_12","3","Inspired by devotional storytelling tradition and common oral retelling patterns; final sourcing to be reviewed.","Parent note: traditional/canonical-inspired retelling reviewed for respectful tone; verify source note before wide release.","medium","medium","medium","high","private_beta","P3","needs_source_review","Index-only base concept for Sprint 39; full story writing deferred."
"BSI-0331","festivals story seed 1","festivals","festival_cultural_context","tier_3_cultural_festival","forgiveness","humility","forgiveness","ages_3_5|ages_6_8|ages_9_12","3","Festival context story from widely observed family practice patterns with regional variation notes pending.","Parent note: values-based original family story for reflection practice; not a scripture quotation.","low","medium","medium","medium","public_beta","P1","needs_tone_review","Index-only base concept for Sprint 39; full story writing deferred."
"BSI-0332","festivals story seed 2","festivals","festival_cultural_context","tier_3_cultural_festival","discipline","compassion","discipline","ages_3_5|ages_6_8|ages_9_12","3","Festival context story from widely observed family practice patterns with regional variation notes pending.","Parent note: values-based original family story for reflection practice; not a scripture quotation.","low","medium","medium","medium","later_phase","P2","needs_tone_review","Index-only base concept for Sprint 39; full story writing deferred."
"BSI-0333","festivals story seed 3","festivals","festival_cultural_context","tier_3_cultural_festival","compassion","discipline","compassion","ages_3_5|ages_6_8|ages_9_12","3","Festival context story from widely observed family practice patterns with regional variation notes pending.","Parent note: values-based original family story for reflection practice; not a scripture quotation.","low","high","medium","medium","private_alpha","P2","needs_tone_review","Index-only base concept for Sprint 39; full story writing deferred."
"BSI-0334","festivals story seed 4","festivals","festival_cultural_context","tier_3_cultural_festival","respect","service","respect","ages_3_5|ages_6_8|ages_9_12","3","Festival context story from widely observed family practice patterns with regional variation notes pending.","Parent note: values-based original family story for reflection practice; not a scripture quotation.","low","medium","high","medium","public_beta","P2","needs_tone_review","Index-only base concept for Sprint 39; full story writing deferred."
"BSI-0335","festivals story seed 5","festivals","festival_cultural_context","tier_3_cultural_festival","curiosity","wisdom","curiosity","ages_3_5|ages_6_8|ages_9_12","3","Festival context story from widely observed family practice patterns with regional variation notes pending.","Parent note: values-based original family story for reflection practice; not a scripture quotation.","low","medium","medium","high","later_phase","P3","needs_tone_review","Index-only base concept for Sprint 39; full story writing deferred."
"BSI-0336","festivals story seed 6","festivals","festival_cultural_context","tier_3_cultural_festival","responsibility","humility","responsibility","ages_3_5|ages_6_8|ages_9_12","3","Festival context story from widely observed family practice patterns with regional variation notes pending.","Parent note: values-based original family story for reflection practice; not a scripture quotation.","low","high","medium","medium","private_alpha","P3","needs_tone_review","Index-only base concept for Sprint 39; full story writing deferred."
"BSI-0337","festivals story seed 7","festivals","festival_cultural_context","tier_3_cultural_festival","calm","compassion","calm","ages_3_5|ages_6_8|ages_9_12","3","Festival context story from widely observed family practice patterns with regional variation notes pending.","Parent note: values-based original family story for reflection practice; not a scripture quotation.","low","medium","medium","medium","public_beta","P3","needs_tone_review","Index-only base concept for Sprint 39; full story writing deferred."
"BSI-0338","festivals story seed 8","festivals","festival_cultural_context","tier_3_cultural_festival","self-control","discipline","self-control","ages_3_5|ages_6_8|ages_9_12","3","Festival context story from widely observed family practice patterns with regional variation notes pending.","Parent note: values-based original family story for reflection practice; not a scripture quotation.","low","medium","high","medium","later_phase","P3","needs_tone_review","Index-only base concept for Sprint 39; full story writing deferred."
"BSI-0339","festivals story seed 9","festivals","festival_cultural_context","tier_3_cultural_festival","wisdom","service","wisdom","ages_3_5|ages_6_8|ages_9_12","3","Festival context story from widely observed family practice patterns with regional variation notes pending.","Parent note: values-based original family story for reflection practice; not a scripture quotation.","low","high","medium","medium","private_alpha","P3","needs_tone_review","Index-only base concept for Sprint 39; full story writing deferred."
"BSI-0340","festivals story seed 10","festivals","festival_cultural_context","tier_3_cultural_festival","service","wisdom","service","ages_3_5|ages_6_8|ages_9_12","3","Festival context story from widely observed family practice patterns with regional variation notes pending.","Parent note: values-based original family story for reflection practice; not a scripture quotation.","low","medium","medium","high","public_beta","P1","needs_tone_review","Index-only base concept for Sprint 39; full story writing deferred."
"BSI-0341","festivals story seed 11","festivals","festival_cultural_context","tier_3_cultural_festival","kindness","humility","kindness","ages_3_5|ages_6_8|ages_9_12","3","Festival context story from widely observed family practice patterns with regional variation notes pending.","Parent note: values-based original family story for reflection practice; not a scripture quotation.","low","medium","medium","medium","later_phase","P1","needs_tone_review","Index-only base concept for Sprint 39; full story writing deferred."
"BSI-0342","festivals story seed 12","festivals","festival_cultural_context","tier_3_cultural_festival","courage","compassion","courage","ages_3_5|ages_6_8|ages_9_12","3","Festival context story from widely observed family practice patterns with regional variation notes pending.","Parent note: values-based original family story for reflection practice; not a scripture quotation.","low","high","high","medium","private_alpha","P2","needs_tone_review","Index-only base concept for Sprint 39; full story writing deferred."
"BSI-0343","festivals story seed 13","festivals","festival_cultural_context","tier_3_cultural_festival","truth","discipline","truth","ages_3_5|ages_6_8|ages_9_12","3","Festival context story from widely observed family practice patterns with regional variation notes pending.","Parent note: values-based original family story for reflection practice; not a scripture quotation.","low","medium","medium","medium","public_beta","P2","needs_tone_review","Index-only base concept for Sprint 39; full story writing deferred."
"BSI-0344","festivals story seed 14","festivals","festival_cultural_context","tier_3_cultural_festival","patience","service","patience","ages_3_5|ages_6_8|ages_9_12","3","Festival context story from widely observed family practice patterns with regional variation notes pending.","Parent note: values-based original family story for reflection practice; not a scripture quotation.","low","medium","medium","medium","later_phase","P2","needs_tone_review","Index-only base concept for Sprint 39; full story writing deferred."
"BSI-0345","festivals story seed 15","festivals","festival_cultural_context","tier_3_cultural_festival","gratitude","wisdom","gratitude","ages_3_5|ages_6_8|ages_9_12","3","Festival context story from widely observed family practice patterns with regional variation notes pending.","Parent note: values-based original family story for reflection practice; not a scripture quotation.","low","high","medium","high","private_alpha","P3","needs_tone_review","Index-only base concept for Sprint 39; full story writing deferred."
"BSI-0346","festivals story seed 16","festivals","festival_cultural_context","tier_3_cultural_festival","humility","humility","humility","ages_3_5|ages_6_8|ages_9_12","3","Festival context story from widely observed family practice patterns with regional variation notes pending.","Parent note: values-based original family story for reflection practice; not a scripture quotation.","low","medium","high","medium","public_beta","P3","needs_tone_review","Index-only base concept for Sprint 39; full story writing deferred."
"BSI-0347","festivals story seed 17","festivals","festival_cultural_context","tier_3_cultural_festival","devotion","compassion","devotion","ages_3_5|ages_6_8|ages_9_12","3","Festival context story from widely observed family practice patterns with regional variation notes pending.","Parent note: values-based original family story for reflection practice; not a scripture quotation.","low","medium","medium","medium","later_phase","P3","needs_tone_review","Index-only base concept for Sprint 39; full story writing deferred."
"BSI-0348","festivals story seed 18","festivals","festival_cultural_context","tier_3_cultural_festival","friendship","discipline","friendship","ages_3_5|ages_6_8|ages_9_12","3","Festival context story from widely observed family practice patterns with regional variation notes pending.","Parent note: values-based original family story for reflection practice; not a scripture quotation.","low","high","medium","medium","private_alpha","P3","needs_tone_review","Index-only base concept for Sprint 39; full story writing deferred."
"BSI-0349","festivals story seed 19","festivals","festival_cultural_context","tier_3_cultural_festival","generosity","service","generosity","ages_3_5|ages_6_8|ages_9_12","3","Festival context story from widely observed family practice patterns with regional variation notes pending.","Parent note: values-based original family story for reflection practice; not a scripture quotation.","low","medium","medium","medium","public_beta","P3","needs_tone_review","Index-only base concept for Sprint 39; full story writing deferred."
"BSI-0350","festivals story seed 20","festivals","festival_cultural_context","tier_3_cultural_festival","focus","wisdom","focus","ages_3_5|ages_6_8|ages_9_12","3","Festival context story from widely observed family practice patterns with regional variation notes pending.","Parent note: values-based original family story for reflection practice; not a scripture quotation.","low","medium","high","high","later_phase","P1","needs_tone_review","Index-only base concept for Sprint 39; full story writing deferred."
"BSI-0351","festivals story seed 21","festivals","festival_cultural_context","tier_3_cultural_festival","forgiveness","humility","forgiveness","ages_3_5|ages_6_8|ages_9_12","3","Festival context story from widely observed family practice patterns with regional variation notes pending.","Parent note: values-based original family story for reflection practice; not a scripture quotation.","low","high","medium","medium","private_alpha","P1","needs_tone_review","Index-only base concept for Sprint 39; full story writing deferred."
"BSI-0352","festivals story seed 22","festivals","festival_cultural_context","tier_3_cultural_festival","discipline","compassion","discipline","ages_3_5|ages_6_8|ages_9_12","3","Festival context story from widely observed family practice patterns with regional variation notes pending.","Parent note: values-based original family story for reflection practice; not a scripture quotation.","low","medium","medium","medium","public_beta","P2","needs_tone_review","Index-only base concept for Sprint 39; full story writing deferred."
"BSI-0353","festivals story seed 23","festivals","festival_cultural_context","tier_3_cultural_festival","compassion","discipline","compassion","ages_3_5|ages_6_8|ages_9_12","3","Festival context story from widely observed family practice patterns with regional variation notes pending.","Parent note: values-based original family story for reflection practice; not a scripture quotation.","low","medium","medium","medium","later_phase","P2","needs_tone_review","Index-only base concept for Sprint 39; full story writing deferred."
"BSI-0354","festivals story seed 24","festivals","festival_cultural_context","tier_3_cultural_festival","respect","service","respect","ages_3_5|ages_6_8|ages_9_12","3","Festival context story from widely observed family practice patterns with regional variation notes pending.","Parent note: values-based original family story for reflection practice; not a scripture quotation.","low","high","high","medium","private_alpha","P2","needs_tone_review","Index-only base concept for Sprint 39; full story writing deferred."
"BSI-0355","festivals story seed 25","festivals","festival_cultural_context","tier_3_cultural_festival","curiosity","wisdom","curiosity","ages_3_5|ages_6_8|ages_9_12","3","Festival context story from widely observed family practice patterns with regional variation notes pending.","Parent note: values-based original family story for reflection practice; not a scripture quotation.","low","medium","medium","high","public_beta","P3","needs_tone_review","Index-only base concept for Sprint 39; full story writing deferred."
"BSI-0356","festivals story seed 26","festivals","festival_cultural_context","tier_3_cultural_festival","responsibility","humility","responsibility","ages_3_5|ages_6_8|ages_9_12","3","Festival context story from widely observed family practice patterns with regional variation notes pending.","Parent note: values-based original family story for reflection practice; not a scripture quotation.","low","medium","medium","medium","later_phase","P3","needs_tone_review","Index-only base concept for Sprint 39; full story writing deferred."
"BSI-0357","festivals story seed 27","festivals","festival_cultural_context","tier_3_cultural_festival","calm","compassion","calm","ages_3_5|ages_6_8|ages_9_12","3","Festival context story from widely observed family practice patterns with regional variation notes pending.","Parent note: values-based original family story for reflection practice; not a scripture quotation.","low","high","medium","medium","private_alpha","P3","needs_tone_review","Index-only base concept for Sprint 39; full story writing deferred."
"BSI-0358","festivals story seed 28","festivals","festival_cultural_context","tier_3_cultural_festival","self-control","discipline","self-control","ages_3_5|ages_6_8|ages_9_12","3","Festival context story from widely observed family practice patterns with regional variation notes pending.","Parent note: values-based original family story for reflection practice; not a scripture quotation.","low","medium","high","medium","public_beta","P3","needs_tone_review","Index-only base concept for Sprint 39; full story writing deferred."
"BSI-0359","festivals story seed 29","festivals","festival_cultural_context","tier_3_cultural_festival","wisdom","service","wisdom","ages_3_5|ages_6_8|ages_9_12","3","Festival context story from widely observed family practice patterns with regional variation notes pending.","Parent note: values-based original family story for reflection practice; not a scripture quotation.","low","medium","medium","medium","later_phase","P3","needs_tone_review","Index-only base concept for Sprint 39; full story writing deferred."
"BSI-0360","festivals story seed 30","festivals","festival_cultural_context","tier_3_cultural_festival","service","wisdom","service","ages_3_5|ages_6_8|ages_9_12","3","Festival context story from widely observed family practice patterns with regional variation notes pending.","Parent note: values-based original family story for reflection practice; not a scripture quotation.","low","high","medium","high","private_alpha","P1","needs_tone_review","Index-only base concept for Sprint 39; full story writing deferred."
"BSI-0361","everyday little dharma story seed 1","everyday_little_dharma","everyday_values_story","tier_5_everyday_modern","kindness","humility","kindness","ages_3_5|ages_6_8|ages_9_12","3","Original Little Dharma values-first concept; no canonical claim.","Parent note: values-based original family story for reflection practice; not a scripture quotation.","low","medium","medium","medium","public_beta","P1","approved_for_private_beta","Index-only base concept for Sprint 39; full story writing deferred."
"BSI-0362","everyday little dharma story seed 2","everyday_little_dharma","everyday_values_story","tier_5_everyday_modern","courage","compassion","courage","ages_3_5|ages_6_8|ages_9_12","3","Original Little Dharma values-first concept; no canonical claim.","Parent note: values-based original family story for reflection practice; not a scripture quotation.","low","medium","medium","medium","later_phase","P2","approved_for_private_beta","Index-only base concept for Sprint 39; full story writing deferred."
"BSI-0363","everyday little dharma story seed 3","everyday_little_dharma","everyday_values_story","tier_5_everyday_modern","truth","discipline","truth","ages_3_5|ages_6_8|ages_9_12","3","Original Little Dharma values-first concept; no canonical claim.","Parent note: values-based original family story for reflection practice; not a scripture quotation.","low","high","medium","medium","private_alpha","P2","approved_for_private_beta","Index-only base concept for Sprint 39; full story writing deferred."
"BSI-0364","everyday little dharma story seed 4","everyday_little_dharma","everyday_values_story","tier_5_everyday_modern","patience","service","patience","ages_3_5|ages_6_8|ages_9_12","3","Original Little Dharma values-first concept; no canonical claim.","Parent note: values-based original family story for reflection practice; not a scripture quotation.","low","medium","high","medium","public_beta","P2","approved_for_private_beta","Index-only base concept for Sprint 39; full story writing deferred."
"BSI-0365","everyday little dharma story seed 5","everyday_little_dharma","original_little_dharma_story","tier_4_original_values","gratitude","wisdom","gratitude","ages_3_5|ages_6_8|ages_9_12","3","Original Little Dharma values-first concept; no canonical claim.","Parent note: values-based original family story for reflection practice; not a scripture quotation.","low","medium","medium","high","later_phase","P3","approved_for_prototype","Index-only base concept for Sprint 39; full story writing deferred."
"BSI-0366","everyday little dharma story seed 6","everyday_little_dharma","everyday_values_story","tier_5_everyday_modern","humility","humility","humility","ages_3_5|ages_6_8|ages_9_12","3","Original Little Dharma values-first concept; no canonical claim.","Parent note: values-based original family story for reflection practice; not a scripture quotation.","low","high","medium","medium","private_alpha","P3","approved_for_private_beta","Index-only base concept for Sprint 39; full story writing deferred."
"BSI-0367","everyday little dharma story seed 7","everyday_little_dharma","everyday_values_story","tier_5_everyday_modern","devotion","compassion","devotion","ages_3_5|ages_6_8|ages_9_12","3","Original Little Dharma values-first concept; no canonical claim.","Parent note: values-based original family story for reflection practice; not a scripture quotation.","low","medium","medium","medium","public_beta","P3","approved_for_private_beta","Index-only base concept for Sprint 39; full story writing deferred."
"BSI-0368","everyday little dharma story seed 8","everyday_little_dharma","everyday_values_story","tier_5_everyday_modern","friendship","discipline","friendship","ages_3_5|ages_6_8|ages_9_12","3","Original Little Dharma values-first concept; no canonical claim.","Parent note: values-based original family story for reflection practice; not a scripture quotation.","low","medium","high","medium","later_phase","P3","approved_for_private_beta","Index-only base concept for Sprint 39; full story writing deferred."
"BSI-0369","everyday little dharma story seed 9","everyday_little_dharma","everyday_values_story","tier_5_everyday_modern","generosity","service","generosity","ages_3_5|ages_6_8|ages_9_12","3","Original Little Dharma values-first concept; no canonical claim.","Parent note: values-based original family story for reflection practice; not a scripture quotation.","low","high","medium","medium","private_alpha","P3","approved_for_private_beta","Index-only base concept for Sprint 39; full story writing deferred."
"BSI-0370","everyday little dharma story seed 10","everyday_little_dharma","original_little_dharma_story","tier_4_original_values","focus","wisdom","focus","ages_3_5|ages_6_8|ages_9_12","3","Original Little Dharma values-first concept; no canonical claim.","Parent note: values-based original family story for reflection practice; not a scripture quotation.","low","medium","medium","high","public_beta","P1","approved_for_prototype","Index-only base concept for Sprint 39; full story writing deferred."
"BSI-0371","everyday little dharma story seed 11","everyday_little_dharma","everyday_values_story","tier_5_everyday_modern","forgiveness","humility","forgiveness","ages_3_5|ages_6_8|ages_9_12","3","Original Little Dharma values-first concept; no canonical claim.","Parent note: values-based original family story for reflection practice; not a scripture quotation.","low","medium","medium","medium","later_phase","P1","approved_for_private_beta","Index-only base concept for Sprint 39; full story writing deferred."
"BSI-0372","everyday little dharma story seed 12","everyday_little_dharma","everyday_values_story","tier_5_everyday_modern","discipline","compassion","discipline","ages_3_5|ages_6_8|ages_9_12","3","Original Little Dharma values-first concept; no canonical claim.","Parent note: values-based original family story for reflection practice; not a scripture quotation.","low","high","high","medium","private_alpha","P2","approved_for_private_beta","Index-only base concept for Sprint 39; full story writing deferred."
"BSI-0373","everyday little dharma story seed 13","everyday_little_dharma","everyday_values_story","tier_5_everyday_modern","compassion","discipline","compassion","ages_3_5|ages_6_8|ages_9_12","3","Original Little Dharma values-first concept; no canonical claim.","Parent note: values-based original family story for reflection practice; not a scripture quotation.","low","medium","medium","medium","public_beta","P2","approved_for_private_beta","Index-only base concept for Sprint 39; full story writing deferred."
"BSI-0374","everyday little dharma story seed 14","everyday_little_dharma","everyday_values_story","tier_5_everyday_modern","respect","service","respect","ages_3_5|ages_6_8|ages_9_12","3","Original Little Dharma values-first concept; no canonical claim.","Parent note: values-based original family story for reflection practice; not a scripture quotation.","low","medium","medium","medium","later_phase","P2","approved_for_private_beta","Index-only base concept for Sprint 39; full story writing deferred."
"BSI-0375","everyday little dharma story seed 15","everyday_little_dharma","original_little_dharma_story","tier_4_original_values","curiosity","wisdom","curiosity","ages_3_5|ages_6_8|ages_9_12","3","Original Little Dharma values-first concept; no canonical claim.","Parent note: values-based original family story for reflection practice; not a scripture quotation.","low","high","medium","high","private_alpha","P3","approved_for_prototype","Index-only base concept for Sprint 39; full story writing deferred."
"BSI-0376","everyday little dharma story seed 16","everyday_little_dharma","everyday_values_story","tier_5_everyday_modern","responsibility","humility","responsibility","ages_3_5|ages_6_8|ages_9_12","3","Original Little Dharma values-first concept; no canonical claim.","Parent note: values-based original family story for reflection practice; not a scripture quotation.","low","medium","high","medium","public_beta","P3","approved_for_private_beta","Index-only base concept for Sprint 39; full story writing deferred."
"BSI-0377","everyday little dharma story seed 17","everyday_little_dharma","everyday_values_story","tier_5_everyday_modern","calm","compassion","calm","ages_3_5|ages_6_8|ages_9_12","3","Original Little Dharma values-first concept; no canonical claim.","Parent note: values-based original family story for reflection practice; not a scripture quotation.","low","medium","medium","medium","later_phase","P3","approved_for_private_beta","Index-only base concept for Sprint 39; full story writing deferred."
"BSI-0378","everyday little dharma story seed 18","everyday_little_dharma","everyday_values_story","tier_5_everyday_modern","self-control","discipline","self-control","ages_3_5|ages_6_8|ages_9_12","3","Original Little Dharma values-first concept; no canonical claim.","Parent note: values-based original family story for reflection practice; not a scripture quotation.","low","high","medium","medium","private_alpha","P3","approved_for_private_beta","Index-only base concept for Sprint 39; full story writing deferred."
"BSI-0379","everyday little dharma story seed 19","everyday_little_dharma","everyday_values_story","tier_5_everyday_modern","wisdom","service","wisdom","ages_3_5|ages_6_8|ages_9_12","3","Original Little Dharma values-first concept; no canonical claim.","Parent note: values-based original family story for reflection practice; not a scripture quotation.","low","medium","medium","medium","public_beta","P3","approved_for_private_beta","Index-only base concept for Sprint 39; full story writing deferred."
"BSI-0380","everyday little dharma story seed 20","everyday_little_dharma","original_little_dharma_story","tier_4_original_values","service","wisdom","service","ages_3_5|ages_6_8|ages_9_12","3","Original Little Dharma values-first concept; no canonical claim.","Parent note: values-based original family story for reflection practice; not a scripture quotation.","low","medium","high","high","later_phase","P1","approved_for_prototype","Index-only base concept for Sprint 39; full story writing deferred."
"BSI-0381","everyday little dharma story seed 21","everyday_little_dharma","everyday_values_story","tier_5_everyday_modern","kindness","humility","kindness","ages_3_5|ages_6_8|ages_9_12","3","Original Little Dharma values-first concept; no canonical claim.","Parent note: values-based original family story for reflection practice; not a scripture quotation.","low","high","medium","medium","private_alpha","P1","approved_for_private_beta","Index-only base concept for Sprint 39; full story writing deferred."
"BSI-0382","everyday little dharma story seed 22","everyday_little_dharma","everyday_values_story","tier_5_everyday_modern","courage","compassion","courage","ages_3_5|ages_6_8|ages_9_12","3","Original Little Dharma values-first concept; no canonical claim.","Parent note: values-based original family story for reflection practice; not a scripture quotation.","low","medium","medium","medium","public_beta","P2","approved_for_private_beta","Index-only base concept for Sprint 39; full story writing deferred."
"BSI-0383","everyday little dharma story seed 23","everyday_little_dharma","everyday_values_story","tier_5_everyday_modern","truth","discipline","truth","ages_3_5|ages_6_8|ages_9_12","3","Original Little Dharma values-first concept; no canonical claim.","Parent note: values-based original family story for reflection practice; not a scripture quotation.","low","medium","medium","medium","later_phase","P2","approved_for_private_beta","Index-only base concept for Sprint 39; full story writing deferred."
"BSI-0384","everyday little dharma story seed 24","everyday_little_dharma","everyday_values_story","tier_5_everyday_modern","patience","service","patience","ages_3_5|ages_6_8|ages_9_12","3","Original Little Dharma values-first concept; no canonical claim.","Parent note: values-based original family story for reflection practice; not a scripture quotation.","low","high","high","medium","private_alpha","P2","approved_for_private_beta","Index-only base concept for Sprint 39; full story writing deferred."
"BSI-0385","everyday little dharma story seed 25","everyday_little_dharma","original_little_dharma_story","tier_4_original_values","gratitude","wisdom","gratitude","ages_3_5|ages_6_8|ages_9_12","3","Original Little Dharma values-first concept; no canonical claim.","Parent note: values-based original family story for reflection practice; not a scripture quotation.","low","medium","medium","high","public_beta","P3","approved_for_prototype","Index-only base concept for Sprint 39; full story writing deferred."
"BSI-0386","everyday little dharma story seed 26","everyday_little_dharma","everyday_values_story","tier_5_everyday_modern","humility","humility","humility","ages_3_5|ages_6_8|ages_9_12","3","Original Little Dharma values-first concept; no canonical claim.","Parent note: values-based original family story for reflection practice; not a scripture quotation.","low","medium","medium","medium","later_phase","P3","approved_for_private_beta","Index-only base concept for Sprint 39; full story writing deferred."
"BSI-0387","everyday little dharma story seed 27","everyday_little_dharma","everyday_values_story","tier_5_everyday_modern","devotion","compassion","devotion","ages_3_5|ages_6_8|ages_9_12","3","Original Little Dharma values-first concept; no canonical claim.","Parent note: values-based original family story for reflection practice; not a scripture quotation.","low","high","medium","medium","private_alpha","P3","approved_for_private_beta","Index-only base concept for Sprint 39; full story writing deferred."
"BSI-0388","everyday little dharma story seed 28","everyday_little_dharma","everyday_values_story","tier_5_everyday_modern","friendship","discipline","friendship","ages_3_5|ages_6_8|ages_9_12","3","Original Little Dharma values-first concept; no canonical claim.","Parent note: values-based original family story for reflection practice; not a scripture quotation.","low","medium","high","medium","public_beta","P3","approved_for_private_beta","Index-only base concept for Sprint 39; full story writing deferred."
"BSI-0389","everyday little dharma story seed 29","everyday_little_dharma","everyday_values_story","tier_5_everyday_modern","generosity","service","generosity","ages_3_5|ages_6_8|ages_9_12","3","Original Little Dharma values-first concept; no canonical claim.","Parent note: values-based original family story for reflection practice; not a scripture quotation.","low","medium","medium","medium","later_phase","P3","approved_for_private_beta","Index-only base concept for Sprint 39; full story writing deferred."
"BSI-0390","everyday little dharma story seed 30","everyday_little_dharma","original_little_dharma_story","tier_4_original_values","focus","wisdom","focus","ages_3_5|ages_6_8|ages_9_12","3","Original Little Dharma values-first concept; no canonical claim.","Parent note: values-based original family story for reflection practice; not a scripture quotation.","low","high","medium","high","private_alpha","P1","approved_for_prototype","Index-only base concept for Sprint 39; full story writing deferred."
"BSI-0391","everyday little dharma story seed 31","everyday_little_dharma","everyday_values_story","tier_5_everyday_modern","forgiveness","humility","forgiveness","ages_3_5|ages_6_8|ages_9_12","3","Original Little Dharma values-first concept; no canonical claim.","Parent note: values-based original family story for reflection practice; not a scripture quotation.","low","medium","medium","medium","public_beta","P1","approved_for_private_beta","Index-only base concept for Sprint 39; full story writing deferred."
"BSI-0392","everyday little dharma story seed 32","everyday_little_dharma","everyday_values_story","tier_5_everyday_modern","discipline","compassion","discipline","ages_3_5|ages_6_8|ages_9_12","3","Original Little Dharma values-first concept; no canonical claim.","Parent note: values-based original family story for reflection practice; not a scripture quotation.","low","medium","high","medium","later_phase","P2","approved_for_private_beta","Index-only base concept for Sprint 39; full story writing deferred."
"BSI-0393","everyday little dharma story seed 33","everyday_little_dharma","everyday_values_story","tier_5_everyday_modern","compassion","discipline","compassion","ages_3_5|ages_6_8|ages_9_12","3","Original Little Dharma values-first concept; no canonical claim.","Parent note: values-based original family story for reflection practice; not a scripture quotation.","low","high","medium","medium","private_alpha","P2","approved_for_private_beta","Index-only base concept for Sprint 39; full story writing deferred."
"BSI-0394","everyday little dharma story seed 34","everyday_little_dharma","everyday_values_story","tier_5_everyday_modern","respect","service","respect","ages_3_5|ages_6_8|ages_9_12","3","Original Little Dharma values-first concept; no canonical claim.","Parent note: values-based original family story for reflection practice; not a scripture quotation.","low","medium","medium","medium","public_beta","P2","approved_for_private_beta","Index-only base concept for Sprint 39; full story writing deferred."
"BSI-0395","everyday little dharma story seed 35","everyday_little_dharma","original_little_dharma_story","tier_4_original_values","curiosity","wisdom","curiosity","ages_3_5|ages_6_8|ages_9_12","3","Original Little Dharma values-first concept; no canonical claim.","Parent note: values-based original family story for reflection practice; not a scripture quotation.","low","medium","medium","high","later_phase","P3","approved_for_prototype","Index-only base concept for Sprint 39; full story writing deferred."
"BSI-0396","everyday little dharma story seed 36","everyday_little_dharma","everyday_values_story","tier_5_everyday_modern","responsibility","humility","responsibility","ages_3_5|ages_6_8|ages_9_12","3","Original Little Dharma values-first concept; no canonical claim.","Parent note: values-based original family story for reflection practice; not a scripture quotation.","low","high","high","medium","private_alpha","P3","approved_for_private_beta","Index-only base concept for Sprint 39; full story writing deferred."
"BSI-0397","everyday little dharma story seed 37","everyday_little_dharma","everyday_values_story","tier_5_everyday_modern","calm","compassion","calm","ages_3_5|ages_6_8|ages_9_12","3","Original Little Dharma values-first concept; no canonical claim.","Parent note: values-based original family story for reflection practice; not a scripture quotation.","low","medium","medium","medium","public_beta","P3","approved_for_private_beta","Index-only base concept for Sprint 39; full story writing deferred."
"BSI-0398","everyday little dharma story seed 38","everyday_little_dharma","everyday_values_story","tier_5_everyday_modern","self-control","discipline","self-control","ages_3_5|ages_6_8|ages_9_12","3","Original Little Dharma values-first concept; no canonical claim.","Parent note: values-based original family story for reflection practice; not a scripture quotation.","low","medium","medium","medium","later_phase","P3","approved_for_private_beta","Index-only base concept for Sprint 39; full story writing deferred."
"BSI-0399","everyday little dharma story seed 39","everyday_little_dharma","everyday_values_story","tier_5_everyday_modern","wisdom","service","wisdom","ages_3_5|ages_6_8|ages_9_12","3","Original Little Dharma values-first concept; no canonical claim.","Parent note: values-based original family story for reflection practice; not a scripture quotation.","low","high","medium","medium","private_alpha","P3","approved_for_private_beta","Index-only base concept for Sprint 39; full story writing deferred."
"BSI-0400","everyday little dharma story seed 40","everyday_little_dharma","original_little_dharma_story","tier_4_original_values","service","wisdom","service","ages_3_5|ages_6_8|ages_9_12","3","Original Little Dharma values-first concept; no canonical claim.","Parent note: values-based original family story for reflection practice; not a scripture quotation.","low","medium","high","high","public_beta","P1","approved_for_prototype","Index-only base concept for Sprint 39; full story writing deferred."
"BSI-0401","nature gratitude family school story seed 1","nature_gratitude_family_school","everyday_values_story","tier_5_everyday_modern","kindness","humility","kindness","ages_3_5|ages_6_8|ages_9_12","3","Original Little Dharma values-first concept; no canonical claim.","Parent note: values-based original family story for reflection practice; not a scripture quotation.","low","medium","medium","medium","private_alpha","P1","approved_for_private_beta","Index-only base concept for Sprint 39; full story writing deferred."
"BSI-0402","nature gratitude family school story seed 2","nature_gratitude_family_school","everyday_values_story","tier_5_everyday_modern","courage","compassion","courage","ages_3_5|ages_6_8|ages_9_12","3","Original Little Dharma values-first concept; no canonical claim.","Parent note: values-based original family story for reflection practice; not a scripture quotation.","low","medium","medium","medium","public_beta","P2","approved_for_private_beta","Index-only base concept for Sprint 39; full story writing deferred."
"BSI-0403","nature gratitude family school story seed 3","nature_gratitude_family_school","everyday_values_story","tier_5_everyday_modern","truth","discipline","truth","ages_3_5|ages_6_8|ages_9_12","3","Original Little Dharma values-first concept; no canonical claim.","Parent note: values-based original family story for reflection practice; not a scripture quotation.","low","high","medium","medium","later_phase","P2","approved_for_private_beta","Index-only base concept for Sprint 39; full story writing deferred."
"BSI-0404","nature gratitude family school story seed 4","nature_gratitude_family_school","everyday_values_story","tier_5_everyday_modern","patience","service","patience","ages_3_5|ages_6_8|ages_9_12","3","Original Little Dharma values-first concept; no canonical claim.","Parent note: values-based original family story for reflection practice; not a scripture quotation.","low","medium","high","medium","private_alpha","P2","approved_for_private_beta","Index-only base concept for Sprint 39; full story writing deferred."
"BSI-0405","nature gratitude family school story seed 5","nature_gratitude_family_school","everyday_values_story","tier_5_everyday_modern","gratitude","wisdom","gratitude","ages_3_5|ages_6_8|ages_9_12","3","Original Little Dharma values-first concept; no canonical claim.","Parent note: values-based original family story for reflection practice; not a scripture quotation.","low","medium","medium","high","public_beta","P3","approved_for_private_beta","Index-only base concept for Sprint 39; full story writing deferred."
"BSI-0406","nature gratitude family school story seed 6","nature_gratitude_family_school","everyday_values_story","tier_5_everyday_modern","humility","humility","humility","ages_3_5|ages_6_8|ages_9_12","3","Original Little Dharma values-first concept; no canonical claim.","Parent note: values-based original family story for reflection practice; not a scripture quotation.","low","high","medium","medium","later_phase","P3","approved_for_private_beta","Index-only base concept for Sprint 39; full story writing deferred."
"BSI-0407","nature gratitude family school story seed 7","nature_gratitude_family_school","everyday_values_story","tier_5_everyday_modern","devotion","compassion","devotion","ages_3_5|ages_6_8|ages_9_12","3","Original Little Dharma values-first concept; no canonical claim.","Parent note: values-based original family story for reflection practice; not a scripture quotation.","low","medium","medium","medium","private_alpha","P3","approved_for_private_beta","Index-only base concept for Sprint 39; full story writing deferred."
"BSI-0408","nature gratitude family school story seed 8","nature_gratitude_family_school","everyday_values_story","tier_5_everyday_modern","friendship","discipline","friendship","ages_3_5|ages_6_8|ages_9_12","3","Original Little Dharma values-first concept; no canonical claim.","Parent note: values-based original family story for reflection practice; not a scripture quotation.","low","medium","high","medium","public_beta","P3","approved_for_private_beta","Index-only base concept for Sprint 39; full story writing deferred."
"BSI-0409","nature gratitude family school story seed 9","nature_gratitude_family_school","everyday_values_story","tier_5_everyday_modern","generosity","service","generosity","ages_3_5|ages_6_8|ages_9_12","3","Original Little Dharma values-first concept; no canonical claim.","Parent note: values-based original family story for reflection practice; not a scripture quotation.","low","high","medium","medium","later_phase","P3","approved_for_private_beta","Index-only base concept for Sprint 39; full story writing deferred."
"BSI-0410","nature gratitude family school story seed 10","nature_gratitude_family_school","everyday_values_story","tier_5_everyday_modern","focus","wisdom","focus","ages_3_5|ages_6_8|ages_9_12","3","Original Little Dharma values-first concept; no canonical claim.","Parent note: values-based original family story for reflection practice; not a scripture quotation.","low","medium","medium","high","private_alpha","P1","approved_for_private_beta","Index-only base concept for Sprint 39; full story writing deferred."
"BSI-0411","nature gratitude family school story seed 11","nature_gratitude_family_school","everyday_values_story","tier_5_everyday_modern","forgiveness","humility","forgiveness","ages_3_5|ages_6_8|ages_9_12","3","Original Little Dharma values-first concept; no canonical claim.","Parent note: values-based original family story for reflection practice; not a scripture quotation.","low","medium","medium","medium","public_beta","P1","approved_for_private_beta","Index-only base concept for Sprint 39; full story writing deferred."
"BSI-0412","nature gratitude family school story seed 12","nature_gratitude_family_school","everyday_values_story","tier_5_everyday_modern","discipline","compassion","discipline","ages_3_5|ages_6_8|ages_9_12","3","Original Little Dharma values-first concept; no canonical claim.","Parent note: values-based original family story for reflection practice; not a scripture quotation.","low","high","high","medium","later_phase","P2","approved_for_private_beta","Index-only base concept for Sprint 39; full story writing deferred."
"BSI-0413","nature gratitude family school story seed 13","nature_gratitude_family_school","everyday_values_story","tier_5_everyday_modern","compassion","discipline","compassion","ages_3_5|ages_6_8|ages_9_12","3","Original Little Dharma values-first concept; no canonical claim.","Parent note: values-based original family story for reflection practice; not a scripture quotation.","low","medium","medium","medium","private_alpha","P2","approved_for_private_beta","Index-only base concept for Sprint 39; full story writing deferred."
"BSI-0414","nature gratitude family school story seed 14","nature_gratitude_family_school","everyday_values_story","tier_5_everyday_modern","respect","service","respect","ages_3_5|ages_6_8|ages_9_12","3","Original Little Dharma values-first concept; no canonical claim.","Parent note: values-based original family story for reflection practice; not a scripture quotation.","low","medium","medium","medium","public_beta","P2","approved_for_private_beta","Index-only base concept for Sprint 39; full story writing deferred."
"BSI-0415","nature gratitude family school story seed 15","nature_gratitude_family_school","everyday_values_story","tier_5_everyday_modern","curiosity","wisdom","curiosity","ages_3_5|ages_6_8|ages_9_12","3","Original Little Dharma values-first concept; no canonical claim.","Parent note: values-based original family story for reflection practice; not a scripture quotation.","low","high","medium","high","later_phase","P3","approved_for_private_beta","Index-only base concept for Sprint 39; full story writing deferred."
"BSI-0416","nature gratitude family school story seed 16","nature_gratitude_family_school","everyday_values_story","tier_5_everyday_modern","responsibility","humility","responsibility","ages_3_5|ages_6_8|ages_9_12","3","Original Little Dharma values-first concept; no canonical claim.","Parent note: values-based original family story for reflection practice; not a scripture quotation.","low","medium","high","medium","private_alpha","P3","approved_for_private_beta","Index-only base concept for Sprint 39; full story writing deferred."
"BSI-0417","nature gratitude family school story seed 17","nature_gratitude_family_school","everyday_values_story","tier_5_everyday_modern","calm","compassion","calm","ages_3_5|ages_6_8|ages_9_12","3","Original Little Dharma values-first concept; no canonical claim.","Parent note: values-based original family story for reflection practice; not a scripture quotation.","low","medium","medium","medium","public_beta","P3","approved_for_private_beta","Index-only base concept for Sprint 39; full story writing deferred."
"BSI-0418","nature gratitude family school story seed 18","nature_gratitude_family_school","everyday_values_story","tier_5_everyday_modern","self-control","discipline","self-control","ages_3_5|ages_6_8|ages_9_12","3","Original Little Dharma values-first concept; no canonical claim.","Parent note: values-based original family story for reflection practice; not a scripture quotation.","low","high","medium","medium","later_phase","P3","approved_for_private_beta","Index-only base concept for Sprint 39; full story writing deferred."
"BSI-0419","nature gratitude family school story seed 19","nature_gratitude_family_school","everyday_values_story","tier_5_everyday_modern","wisdom","service","wisdom","ages_3_5|ages_6_8|ages_9_12","3","Original Little Dharma values-first concept; no canonical claim.","Parent note: values-based original family story for reflection practice; not a scripture quotation.","low","medium","medium","medium","private_alpha","P3","approved_for_private_beta","Index-only base concept for Sprint 39; full story writing deferred."
"BSI-0420","nature gratitude family school story seed 20","nature_gratitude_family_school","everyday_values_story","tier_5_everyday_modern","service","wisdom","service","ages_3_5|ages_6_8|ages_9_12","3","Original Little Dharma values-first concept; no canonical claim.","Parent note: values-based original family story for reflection practice; not a scripture quotation.","low","medium","high","high","public_beta","P1","approved_for_private_beta","Index-only base concept for Sprint 39; full story writing deferred."
"BSI-0421","nature gratitude family school story seed 21","nature_gratitude_family_school","everyday_values_story","tier_5_everyday_modern","kindness","humility","kindness","ages_3_5|ages_6_8|ages_9_12","3","Original Little Dharma values-first concept; no canonical claim.","Parent note: values-based original family story for reflection practice; not a scripture quotation.","low","high","medium","medium","later_phase","P1","approved_for_private_beta","Index-only base concept for Sprint 39; full story writing deferred."
"BSI-0422","nature gratitude family school story seed 22","nature_gratitude_family_school","everyday_values_story","tier_5_everyday_modern","courage","compassion","courage","ages_3_5|ages_6_8|ages_9_12","3","Original Little Dharma values-first concept; no canonical claim.","Parent note: values-based original family story for reflection practice; not a scripture quotation.","low","medium","medium","medium","private_alpha","P2","approved_for_private_beta","Index-only base concept for Sprint 39; full story writing deferred."
"BSI-0423","nature gratitude family school story seed 23","nature_gratitude_family_school","everyday_values_story","tier_5_everyday_modern","truth","discipline","truth","ages_3_5|ages_6_8|ages_9_12","3","Original Little Dharma values-first concept; no canonical claim.","Parent note: values-based original family story for reflection practice; not a scripture quotation.","low","medium","medium","medium","public_beta","P2","approved_for_private_beta","Index-only base concept for Sprint 39; full story writing deferred."
"BSI-0424","nature gratitude family school story seed 24","nature_gratitude_family_school","everyday_values_story","tier_5_everyday_modern","patience","service","patience","ages_3_5|ages_6_8|ages_9_12","3","Original Little Dharma values-first concept; no canonical claim.","Parent note: values-based original family story for reflection practice; not a scripture quotation.","low","high","high","medium","later_phase","P2","approved_for_private_beta","Index-only base concept for Sprint 39; full story writing deferred."
"BSI-0425","nature gratitude family school story seed 25","nature_gratitude_family_school","everyday_values_story","tier_5_everyday_modern","gratitude","wisdom","gratitude","ages_3_5|ages_6_8|ages_9_12","3","Original Little Dharma values-first concept; no canonical claim.","Parent note: values-based original family story for reflection practice; not a scripture quotation.","low","medium","medium","high","private_alpha","P3","approved_for_private_beta","Index-only base concept for Sprint 39; full story writing deferred."
"BSI-0426","nature gratitude family school story seed 26","nature_gratitude_family_school","everyday_values_story","tier_5_everyday_modern","humility","humility","humility","ages_3_5|ages_6_8|ages_9_12","3","Original Little Dharma values-first concept; no canonical claim.","Parent note: values-based original family story for reflection practice; not a scripture quotation.","low","medium","medium","medium","public_beta","P3","approved_for_private_beta","Index-only base concept for Sprint 39; full story writing deferred."
"BSI-0427","nature gratitude family school story seed 27","nature_gratitude_family_school","everyday_values_story","tier_5_everyday_modern","devotion","compassion","devotion","ages_3_5|ages_6_8|ages_9_12","3","Original Little Dharma values-first concept; no canonical claim.","Parent note: values-based original family story for reflection practice; not a scripture quotation.","low","high","medium","medium","later_phase","P3","approved_for_private_beta","Index-only base concept for Sprint 39; full story writing deferred."
"BSI-0428","nature gratitude family school story seed 28","nature_gratitude_family_school","everyday_values_story","tier_5_everyday_modern","friendship","discipline","friendship","ages_3_5|ages_6_8|ages_9_12","3","Original Little Dharma values-first concept; no canonical claim.","Parent note: values-based original family story for reflection practice; not a scripture quotation.","low","medium","high","medium","private_alpha","P3","approved_for_private_beta","Index-only base concept for Sprint 39; full story writing deferred."
"BSI-0429","nature gratitude family school story seed 29","nature_gratitude_family_school","everyday_values_story","tier_5_everyday_modern","generosity","service","generosity","ages_3_5|ages_6_8|ages_9_12","3","Original Little Dharma values-first concept; no canonical claim.","Parent note: values-based original family story for reflection practice; not a scripture quotation.","low","medium","medium","medium","public_beta","P3","approved_for_private_beta","Index-only base concept for Sprint 39; full story writing deferred."
"BSI-0430","nature gratitude family school story seed 30","nature_gratitude_family_school","everyday_values_story","tier_5_everyday_modern","focus","wisdom","focus","ages_3_5|ages_6_8|ages_9_12","3","Original Little Dharma values-first concept; no canonical claim.","Parent note: values-based original family story for reflection practice; not a scripture quotation.","low","high","medium","high","later_phase","P1","approved_for_private_beta","Index-only base concept for Sprint 39; full story writing deferred."
"BSI-0431","bedtime morning rituals story seed 1","bedtime_morning_rituals","bedtime_reflection","tier_4_original_values","forgiveness","humility","forgiveness","ages_3_5|ages_6_8|ages_9_12","3","Original Little Dharma values-first concept; no canonical claim.","Parent note: values-based original family story for reflection practice; not a scripture quotation.","low","medium","medium","medium","private_alpha","P1","approved_for_prototype","Index-only base concept for Sprint 39; full story writing deferred."
"BSI-0432","bedtime morning rituals story seed 2","bedtime_morning_rituals","bedtime_reflection","tier_4_original_values","discipline","compassion","discipline","ages_3_5|ages_6_8|ages_9_12","3","Original Little Dharma values-first concept; no canonical claim.","Parent note: values-based original family story for reflection practice; not a scripture quotation.","low","medium","medium","medium","public_beta","P2","approved_for_prototype","Index-only base concept for Sprint 39; full story writing deferred."
"BSI-0433","bedtime morning rituals story seed 3","bedtime_morning_rituals","bedtime_reflection","tier_4_original_values","compassion","discipline","compassion","ages_3_5|ages_6_8|ages_9_12","3","Original Little Dharma values-first concept; no canonical claim.","Parent note: values-based original family story for reflection practice; not a scripture quotation.","low","high","medium","medium","later_phase","P2","approved_for_prototype","Index-only base concept for Sprint 39; full story writing deferred."
"BSI-0434","bedtime morning rituals story seed 4","bedtime_morning_rituals","parent_child_ritual","tier_4_original_values","respect","service","respect","ages_3_5|ages_6_8|ages_9_12","3","Original Little Dharma values-first concept; no canonical claim.","Parent note: values-based original family story for reflection practice; not a scripture quotation.","low","medium","high","medium","private_alpha","P2","approved_for_prototype","Index-only base concept for Sprint 39; full story writing deferred."
"BSI-0435","bedtime morning rituals story seed 5","bedtime_morning_rituals","bedtime_reflection","tier_4_original_values","curiosity","wisdom","curiosity","ages_3_5|ages_6_8|ages_9_12","3","Original Little Dharma values-first concept; no canonical claim.","Parent note: values-based original family story for reflection practice; not a scripture quotation.","low","medium","medium","high","public_beta","P3","approved_for_prototype","Index-only base concept for Sprint 39; full story writing deferred."
"BSI-0436","bedtime morning rituals story seed 6","bedtime_morning_rituals","bedtime_reflection","tier_4_original_values","responsibility","humility","responsibility","ages_3_5|ages_6_8|ages_9_12","3","Original Little Dharma values-first concept; no canonical claim.","Parent note: values-based original family story for reflection practice; not a scripture quotation.","low","high","medium","medium","later_phase","P3","approved_for_prototype","Index-only base concept for Sprint 39; full story writing deferred."
"BSI-0437","bedtime morning rituals story seed 7","bedtime_morning_rituals","bedtime_reflection","tier_4_original_values","calm","compassion","calm","ages_3_5|ages_6_8|ages_9_12","3","Original Little Dharma values-first concept; no canonical claim.","Parent note: values-based original family story for reflection practice; not a scripture quotation.","low","medium","medium","medium","private_alpha","P3","approved_for_prototype","Index-only base concept for Sprint 39; full story writing deferred."
"BSI-0438","bedtime morning rituals story seed 8","bedtime_morning_rituals","parent_child_ritual","tier_4_original_values","self-control","discipline","self-control","ages_3_5|ages_6_8|ages_9_12","3","Original Little Dharma values-first concept; no canonical claim.","Parent note: values-based original family story for reflection practice; not a scripture quotation.","low","medium","high","medium","public_beta","P3","approved_for_prototype","Index-only base concept for Sprint 39; full story writing deferred."
"BSI-0439","bedtime morning rituals story seed 9","bedtime_morning_rituals","bedtime_reflection","tier_4_original_values","wisdom","service","wisdom","ages_3_5|ages_6_8|ages_9_12","3","Original Little Dharma values-first concept; no canonical claim.","Parent note: values-based original family story for reflection practice; not a scripture quotation.","low","high","medium","medium","later_phase","P3","approved_for_prototype","Index-only base concept for Sprint 39; full story writing deferred."
"BSI-0440","bedtime morning rituals story seed 10","bedtime_morning_rituals","bedtime_reflection","tier_4_original_values","service","wisdom","service","ages_3_5|ages_6_8|ages_9_12","3","Original Little Dharma values-first concept; no canonical claim.","Parent note: values-based original family story for reflection practice; not a scripture quotation.","low","medium","medium","high","private_alpha","P1","approved_for_prototype","Index-only base concept for Sprint 39; full story writing deferred."
"BSI-0441","bedtime morning rituals story seed 11","bedtime_morning_rituals","bedtime_reflection","tier_4_original_values","kindness","humility","kindness","ages_3_5|ages_6_8|ages_9_12","3","Original Little Dharma values-first concept; no canonical claim.","Parent note: values-based original family story for reflection practice; not a scripture quotation.","low","medium","medium","medium","public_beta","P1","approved_for_prototype","Index-only base concept for Sprint 39; full story writing deferred."
"BSI-0442","bedtime morning rituals story seed 12","bedtime_morning_rituals","parent_child_ritual","tier_4_original_values","courage","compassion","courage","ages_3_5|ages_6_8|ages_9_12","3","Original Little Dharma values-first concept; no canonical claim.","Parent note: values-based original family story for reflection practice; not a scripture quotation.","low","high","high","medium","later_phase","P2","approved_for_prototype","Index-only base concept for Sprint 39; full story writing deferred."
"BSI-0443","bedtime morning rituals story seed 13","bedtime_morning_rituals","bedtime_reflection","tier_4_original_values","truth","discipline","truth","ages_3_5|ages_6_8|ages_9_12","3","Original Little Dharma values-first concept; no canonical claim.","Parent note: values-based original family story for reflection practice; not a scripture quotation.","low","medium","medium","medium","private_alpha","P2","approved_for_prototype","Index-only base concept for Sprint 39; full story writing deferred."
"BSI-0444","bedtime morning rituals story seed 14","bedtime_morning_rituals","bedtime_reflection","tier_4_original_values","patience","service","patience","ages_3_5|ages_6_8|ages_9_12","3","Original Little Dharma values-first concept; no canonical claim.","Parent note: values-based original family story for reflection practice; not a scripture quotation.","low","medium","medium","medium","public_beta","P2","approved_for_prototype","Index-only base concept for Sprint 39; full story writing deferred."
"BSI-0445","bedtime morning rituals story seed 15","bedtime_morning_rituals","bedtime_reflection","tier_4_original_values","gratitude","wisdom","gratitude","ages_3_5|ages_6_8|ages_9_12","3","Original Little Dharma values-first concept; no canonical claim.","Parent note: values-based original family story for reflection practice; not a scripture quotation.","low","high","medium","high","later_phase","P3","approved_for_prototype","Index-only base concept for Sprint 39; full story writing deferred."
"BSI-0446","bedtime morning rituals story seed 16","bedtime_morning_rituals","parent_child_ritual","tier_4_original_values","humility","humility","humility","ages_3_5|ages_6_8|ages_9_12","3","Original Little Dharma values-first concept; no canonical claim.","Parent note: values-based original family story for reflection practice; not a scripture quotation.","low","medium","high","medium","private_alpha","P3","approved_for_prototype","Index-only base concept for Sprint 39; full story writing deferred."
"BSI-0447","bedtime morning rituals story seed 17","bedtime_morning_rituals","bedtime_reflection","tier_4_original_values","devotion","compassion","devotion","ages_3_5|ages_6_8|ages_9_12","3","Original Little Dharma values-first concept; no canonical claim.","Parent note: values-based original family story for reflection practice; not a scripture quotation.","low","medium","medium","medium","public_beta","P3","approved_for_prototype","Index-only base concept for Sprint 39; full story writing deferred."
"BSI-0448","bedtime morning rituals story seed 18","bedtime_morning_rituals","bedtime_reflection","tier_4_original_values","friendship","discipline","friendship","ages_3_5|ages_6_8|ages_9_12","3","Original Little Dharma values-first concept; no canonical claim.","Parent note: values-based original family story for reflection practice; not a scripture quotation.","low","high","medium","medium","later_phase","P3","approved_for_prototype","Index-only base concept for Sprint 39; full story writing deferred."
"BSI-0449","bedtime morning rituals story seed 19","bedtime_morning_rituals","bedtime_reflection","tier_4_original_values","generosity","service","generosity","ages_3_5|ages_6_8|ages_9_12","3","Original Little Dharma values-first concept; no canonical claim.","Parent note: values-based original family story for reflection practice; not a scripture quotation.","low","medium","medium","medium","private_alpha","P3","approved_for_prototype","Index-only base concept for Sprint 39; full story writing deferred."
"BSI-0450","bedtime morning rituals story seed 20","bedtime_morning_rituals","parent_child_ritual","tier_4_original_values","focus","wisdom","focus","ages_3_5|ages_6_8|ages_9_12","3","Original Little Dharma values-first concept; no canonical claim.","Parent note: values-based original family story for reflection practice; not a scripture quotation.","low","medium","high","high","public_beta","P1","approved_for_prototype","Index-only base concept for Sprint 39; full story writing deferred."